frame_nmr,car_id,car_bbox,license_plate_bbox,license_plate_bbox_score,license_number,license_number_score
0,5.0,[1098.5457763671875 578.5020141601562 1393.9296875 867.0130615234375],[1202.9736328125 775.7949829101562 1288.3211669921875 819.8065795898438],0.5966732501983643,MO51YSU,0.03702063980255164
2,5.0,[1099.5271713029192 580.9409573257848 1392.7489704695363 868.550011250653],[1205.257568359375 774.7435913085938 1291.387939453125 820.8689575195312],0.5753752589225769,MO51FSU,0.1767051032737364
3,5.0,[1100.1532235624131 581.5214589956408 1392.4196119454023 868.3477217607667],[1205.29833984375 774.7369995117188 1291.3773193359375 820.8414916992188],0.5733582973480225,MO51FSU,0.1767051032737364
4,5.0,[1100.0498398642355 584.9190315613531 1393.2468374178763 873.2010140943934],[1205.621826171875 781.3986206054688 1292.4248046875 826.6055297851562],0.47058719396591187,KD51YSU,0.07594998582973493
6,2.0,[371.6097472604871 693.5094587294313 714.2442996410019 1004.8929588265596],[479.56549072265625 892.7581787109375 592.0614624023438 940.401123046875],0.5259546041488647,MA13NPU,0.7243955270386396
7,2.0,[370.6266180375966 694.5122442462763 714.5125571345396 1006.5913345935438],[479.67718505859375 892.8139038085938 591.99609375 940.3462524414062],0.52506422996521,MA13NPU,0.7243955270386396
8,2.0,[368.5909946246412 696.259003385801 712.3149583283772 1009.8223588757762],[474.161865234375 892.3712768554688 595.013671875 944.5464477539062],0.42234185338020325,NA13NRV,0.15298677454585158
9,2.0,[367.2998756257165 696.462395975777 711.2441088337865 1011.075140377383],[474.16363525390625 892.3848266601562 595.0968017578125 944.5446166992188],0.4253750145435333,NA13NRV,0.15298677454585158
10,2.0,[367.9272981301206 699.3125903785955 714.6511047024098 1015.3351572060452],[470.1940612792969 895.4489135742188 596.2603149414062 948.0162963867188],0.48594579100608826,NA13NFU,0.3967460834146707
11,2.0,[367.687236958515 700.083985250244 716.2536687786675 1016.9230219169954],[470.15863037109375 895.40478515625 596.304931640625 948.057861328125],0.4861615002155304,NA13NFU,0.3967460834146707
12,2.0,[365.00091036242793 702.4553729964418 713.0317664222446 1020.6154234793466],[470.73394775390625 900.82763671875 592.6820068359375 951.650390625],0.5028250813484192,NA13NRU,0.17472943790289572
13,5.0,[1098.019488749365 586.6944598343639 1404.770191720301 886.75826180946],[1208.8455810546875 794.2549438476562 1295.1915283203125 836.8985595703125],0.6312339305877686,HW51TSV,0.10443978714501662
14,2.0,[362.78573255070955 704.3160372669163 712.2865579064917 1024.541901320121],[468.6524963378906 903.0501708984375 593.1943969726562 955.2777099609375],0.5605508685112,NA13MRU,0.15859941433408334
15,2.0,[362.1312572256222 704.6126014902943 712.7131033176111 1025.58174193454],[468.6794128417969 903.0859375 593.1671142578125 955.2314453125],0.5599331259727478,NA13MRU,0.15859941433408334
16,5.0,[1099.0287663766862 594.1311060694168 1410.7812121966022 892.8259600322413],[1210.71923828125 798.2255859375 1294.8193359375 840.6221923828125],0.5995145440101624,NI51TSU,0.07746518232751112
17,5.0,[1099.1303423993413 595.4319551681485 1412.4345382827655 894.0431417910929],[1210.395263671875 798.2697143554688 1294.8817138671875 841.4020385742188],0.5998047590255737,WI51TSU,0.03004076059997886
18,2.0,[356.61195918070257 710.6830550772888 709.4138465263693 1032.5198355355994],[465.6312561035156 916.0340576171875 588.5355834960938 964.7904663085938],0.5609345436096191,NA13MRU,0.18827546516301955
19,2.0,[355.13773001862637 711.5561933325718 708.6405188165311 1034.2330312148451],[465.5658874511719 916.05322265625 588.080810546875 964.7638549804688],0.5615918040275574,NA13MRU,0.18827546516301955
20,2.0,[351.5774628806813 712.2800574978846 706.201274077171 1036.0034830759314],[462.9049377441406 917.5697021484375 590.7115478515625 971.9249267578125],0.5877954959869385,NA13NRU,0.15356480487014967
21,2.0,[349.3791266574019 712.3893859480586 705.040173586545 1036.8654216578225],[463.3369445800781 917.4541625976562 590.644287109375 971.9441528320312],0.585700511932373,NA13MRU,0.1042043814705984
22,5.0,[1097.7615176683348 597.8693068499673 1407.5266983188094 900.141922868945],[1209.230224609375 804.548583984375 1298.4854736328125 850.4989013671875],0.5641657710075378,MI51WSU,0.05318613619350379
22,2.0,[349.3505262421012 714.6817918103507 705.2018427265747 1039.8578468866604],[458.0137023925781 920.4263305664062 583.00732421875 971.5493774414062],0.4855724573135376,NA13NRU,0.2872455119290318
23,5.0,[1098.0854450289432 597.3649703481982 1406.4354171773887 900.7376557579756],[1208.876708984375 804.8925170898438 1298.233642578125 850.7100830078125],0.5707659125328064,MJ51WSU,0.17455687334707903
23,2.0,[349.1471859257821 715.5768918366615 705.2255264769143 1041.1333361130712],[457.9882507324219 920.3922729492188 583.0556640625 971.5504760742188],0.4912927746772766,NA13NRU,0.532218888430895
25,5.0,[1097.8869986830225 602.8101195320363 1406.1319407075391 905.5104667486781],[1213.1287841796875 810.4905395507812 1297.982421875 850.8733520507812],0.5587115287780762,NI15ISU,0.04081790894413424
25,2.0,[346.8668395414953 720.8512022475112 704.8646051217578 1046.8757073583474],[464.3066101074219 926.2587890625 580.155517578125 979.086181640625],0.5117442011833191,MA13NRU,0.42181133492275924
26,2.0,[346.37186925297163 721.348215572053 704.6695089724312 1048.114011918143],[463.4036865234375 930.618896484375 584.2803955078125 982.6201171875],0.5645953416824341,NA13NAU,0.2059214048976456
27,2.0,[346.2794125451164 721.313513454761 704.6998905600205 1048.6061838177923],[463.345458984375 930.5692749023438 584.3179321289062 982.6862182617188],0.5657147765159607,NA13NAU,0.2059214048976456
28,2.0,[345.1294204102203 724.4612697737933 702.9958142816183 1051.8325262617784],[455.45855712890625 937.4960327148438 582.4793701171875 984.5980834960938],0.3600156307220459,NA13NRU,0.5144158893314542
29,2.0,[344.97267960315463 725.7543644153245 702.1841356105683 1053.1314610905306],[455.62445068359375 937.694091796875 581.0015258789062 984.3076171875],0.3524421453475952,NA13NRU,0.5144158893314542
31,2.0,[342.0603688249571 730.7889033857632 700.8046981445773 1057.4745127716892],[462.10528564453125 940.0977172851562 579.7899780273438 992.3607788085938],0.5806813836097717,NA13NRU,0.3978397379306561
35,2.0,[338.01660998474995 738.0811797440925 699.1370231505932 1064.5969010507167],[446.4085693359375 940.7538452148438 581.2937622070312 997.3980712890625],0.46829652786254883,MA13NRU,0.5983814355185422
36,5.0,[1101.3471583730511 621.6125243328627 1414.435416425088 928.8033888011628],[1216.7376708984375 828.7940063476562 1307.97705078125 874.1842041015625],0.6293379664421082,NO51WSU,0.027334487983819537
40,5.0,[1104.6560966274544 623.5793015922455 1422.5587796640182 931.0677500752037],[1216.7198486328125 836.1903076171875 1306.8553466796875 876.3702392578125],0.6172463893890381,CO51YSU,0.16477501443668735
41,5.0,[1105.0806590850175 622.9021501934815 1424.087001842789 931.7898034932666],[1216.712158203125 836.19287109375 1306.8662109375 876.3779296875],0.6176477074623108,CO51YSU,0.16477501443668735
42,5.0,[1105.2785022983462 623.5719810968991 1426.0529005992744 934.5705568529432],[1217.95263671875 840.681884765625 1310.2275390625 881.5332641601562],0.6334972977638245,KV51VSU,0.036219702859917366
43,5.0,[1105.5511215021602 623.3783854395197 1427.1498794327877 935.8798083432112],[1217.7222900390625 840.6377563476562 1310.1239013671875 881.4442749023438],0.6330941319465637,CV51VSU,0.037685549904000484
46,5.0,[1104.059226042231 627.7893424267413 1428.1376497737435 941.4544008944076],[1219.3828125 845.6098022460938 1309.475341796875 887.0861206054688],0.6794720888137817,NT51VSV,0.17021859324626062
47,5.0,[1103.4232241519114 628.1530854241576 1428.0684993073999 942.8492202263799],[1219.374755859375 845.57373046875 1309.4783935546875 887.102783203125],0.6792480945587158,NT51VSV,0.17021859324626062
50,2.0,[324.1499533759982 763.7017764530809 691.3196391614931 1076.126115484115],[432.3868408203125 981.5582885742188 567.9810791015625 1037.463623046875],0.6229001879692078,NA13NRU,0.430337309261816
51,2.0,[323.9038640399204 764.6404415770626 691.1817777648128 1075.95960458948],[432.3359069824219 981.5203857421875 568.0173950195312 1037.506103515625],0.6230784058570862,NA13NRU,0.430337309261816
52,2.0,[322.09629486578245 767.8179918323682 690.7863221213718 1076.7552692478932],[437.8103942871094 987.1439208984375 570.8866577148438 1043.2001953125],0.6074230074882507,NA13NRU,0.2000342443784959
53,2.0,[320.7904932079842 769.3274973457951 690.7366418906815 1076.567634677411],[437.6341857910156 987.1802368164062 570.8914794921875 1043.189208984375],0.6064122915267944,NA13NRU,0.2000342443784959
60,2.0,[314.2154929533266 781.8107902490888 686.5571452539855 1076.1805396927787],[444.2839050292969 1009.4064331054688 547.306640625 1058.4610595703125],0.6727379560470581,NA13NRU,0.2293748595796429
61,2.0,[314.8058464049931 782.7989389305893 686.0649805215535 1075.9490616602636],[444.76220703125 1009.5247192382812 547.0241088867188 1058.2724609375],0.6721214652061462,HA13NRU,0.14634544010856743
104,5.0,[1117.5785670512892 705.0811962681169 1474.6806381654624 1055.0252064214176],[1243.2950439453125 949.7169799804688 1342.602294921875 994.1035766601562],0.6515404582023621,NW51YSV,0.031579416973005925
105,5.0,[1117.6464453020335 705.3899260167236 1474.7924344074231 1055.8589760752054],[1243.246337890625 949.570556640625 1342.720947265625 994.1884155273438],0.6514922976493835,NW51YSV,0.031579416973005925
112,5.0,[1119.0826780887753 721.8659534557988 1480.0804642518835 1068.8662344271354],[1246.4727783203125 967.9927368164062 1348.397705078125 1012.5818481445312],0.670063316822052,NI51VSU,0.14142761828552475
113,5.0,[1119.1436975123427 722.8643771856995 1480.8091958121693 1069.6579766941863],[1246.4588623046875 967.985595703125 1348.4039306640625 1012.607666015625],0.6702553629875183,NI51VSU,0.14142761828552475
114,5.0,[1119.2988246768327 725.0082287169809 1479.1276179961555 1071.6338702492542],[1247.9166259765625 973.1217651367188 1348.4659423828125 1017.9866333007812],0.661450982093811,NI51VSU,0.034378617768814616
115,5.0,[1119.9130920997172 725.8831234810318 1478.3732654226583 1072.3008701079846],[1247.7509765625 973.3778686523438 1348.7808837890625 1018.2423706054688],0.6600077152252197,MO51VSU,0.3008252195719023
116,6.0,[544.3366882765379 599.3335581920348 855.4221728146695 841.3431091227085],[652.6328125 750.249755859375 738.6325073242188 784.8909301757812],0.3131805956363678,GY15OGJ,0.18143970990341782
122,6.0,[538.9385428139219 607.1326540523585 853.5915114238662 850.4387835584687],[652.4812622070312 754.0980834960938 739.0725708007812 796.5331420898438],0.2812439799308777,IG15OGJ,0.47929750770024127
126,5.0,[1122.3071881118535 742.7363626778896 1479.8182408625544 1073.1811537213998],[1255.6607666015625 994.6644897460938 1362.210205078125 1045.2860107421875],0.6953327655792236,MW51VSU,0.08845993049116138
127,5.0,[1124.2371059289303 744.7128509960783 1480.809942976825 1072.7402110618023],[1255.6817626953125 994.6329345703125 1362.197509765625 1045.281005859375],0.6961382031440735,MW51VSU,0.08845993049116138
128,5.0,[1125.8943254908995 746.5504821144899 1481.343042993633 1072.7100035219087],[1252.75634765625 997.6301879882812 1364.2554931640625 1047.01513671875],0.7037105560302734,MV51VSD,0.38348971074831606
128,6.0,[539.4450204983821 615.6448230071605 848.3795304363368 857.835275767613],[654.036865234375 763.5234375 735.3551025390625 803.31591796875],0.2718580365180969,GX15OGJ,0.23954913688272111
129,5.0,[1126.8443894333957 747.5654876460292 1481.3990649298523 1072.3153476802713],[1252.734375 997.6131591796875 1364.255859375 1047.0272216796875],0.7038556933403015,MV51VSD,0.38348971074831606
129,6.0,[539.4075727484307 616.438046745674 848.2814595577867 858.3836827944856],[654.015625 763.5355224609375 735.3746948242188 803.30419921875],0.27337953448295593,GX15OGJ,0.23954913688272111
134,5.0,[1130.6789193606533 752.8467409625981 1484.9483883422881 1073.4365554760116],[1257.8074951171875 1013.8385009765625 1363.18798828125 1062.2530517578125],0.7010235786437988,MI11WSU,0.06794138119587113
135,5.0,[1131.4688295608653 753.2556884099832 1485.4823365360653 1073.0366960129652],[1257.80419921875 1013.8388671875 1363.2025146484375 1062.260009765625],0.7013506889343262,MI11WSU,0.06794138119587113
154,6.0,[520.8755152339947 640.9903240082567 844.4722113383791 894.6164640417833],[635.0072631835938 796.9295654296875 728.4457397460938 841.578369140625],0.5783538818359375,GX15OCJ,0.7624397788460192
155,6.0,[518.9248388894596 641.0685381014683 844.4036811811748 895.9590827361741],[635.0438232421875 797.0096435546875 728.4354858398438 841.5396118164062],0.5780386328697205,GX15OCJ,0.6776071451402792
162,6.0,[511.2276504794633 651.631840336535 841.6313882820466 908.7138942313983],[622.5632934570312 812.2760620117188 723.2105102539062 857.3258666992188],0.46547025442123413,GI15OGJ,0.17697401996612278
163,6.0,[509.4106054621607 652.690064103018 840.9087234576152 909.9572053510364],[622.4512939453125 812.32470703125 722.6797485351562 857.2461547851562],0.45858949422836304,GI15OGJ,0.17697401996612278
168,6.0,[503.7820044594231 661.4384776749409 840.5751474589314 922.9127664151333],[615.4452514648438 820.44140625 718.6256103515625 863.97216796875],0.5474125146865845,CX15OGJ,0.1924148408987342
169,6.0,[502.3494538535564 662.4883881971683 840.8890616698881 924.6601303498072],[615.9346313476562 820.4983520507812 718.2384033203125 864.2536010742188],0.568885862827301,GX15OGJ,0.46604323307742507
172,6.0,[500.5416749834884 664.6273355522264 841.667961897579 928.3689195334139],[619.8478393554688 825.0917358398438 718.9119873046875 872.3600463867188],0.5098224878311157,GI15OGJ,0.21075042000249325
174,6.0,[498.7210052304325 666.3777259409482 842.5594698685367 931.8670549937848],[622.95068359375 834.5372314453125 718.1309204101562 876.4857788085938],0.5192282795906067,CX15OCJ,0.26052201054565216
175,6.0,[497.92572831889316 666.6839604650575 842.8794695598724 933.2795568365632],[622.916748046875 834.5090942382812 718.1768188476562 876.5208129882812],0.5188683867454529,CX15OCJ,0.26052201054565216
176,6.0,[497.6056533108484 667.1664066633757 842.3461204892589 935.3355710635217],[622.8316040039062 836.4856567382812 718.8038330078125 877.8942260742188],0.5413296818733215,GX15OGJ,0.8156711818057863
177,6.0,[497.4246223879146 666.8803819530107 842.4092255262045 936.2806531688235],[622.7664184570312 836.552490234375 718.9486083984375 877.9808349609375],0.5480698347091675,GX15OGJ,0.8156711818057863
180,6.0,[498.32560865418725 672.5893101764757 843.6268332289443 941.8061780839489],[614.5384521484375 843.27978515625 713.72412109375 885.977783203125],0.5843523144721985,GX15OGJ,0.49576658589030304
181,6.0,[497.80305406188495 675.0719745632485 843.4807120041698 944.811195474217],[614.4598388671875 843.1481323242188 714.7276611328125 885.8582153320312],0.5752245783805847,GX15OGJ,0.23131876421151482
182,6.0,[497.39991639418827 676.6589182750006 843.4915022116295 947.028114540122],[616.0557861328125 846.3490600585938 716.71875 891.1626586914062],0.5931121110916138,CX15OGJ,0.18955373583270727
183,6.0,[497.1496151904939 677.0707350437715 843.5505121593064 947.8785083610367],[616.0669555664062 846.37646484375 716.7135620117188 891.1408081054688],0.592223584651947,CX15OGJ,0.18955373583270727
184,6.0,[493.0178095933135 680.0818529394402 842.696885196954 950.2162793840804],[609.6162109375 847.1239013671875 699.2554931640625 893.31591796875],0.49416202306747437,GX15OGJ,0.21653954976569595
185,6.0,[490.81518243970487 681.2464773312479 842.8214537815084 950.8297510389211],[609.5505981445312 847.0733642578125 699.4209594726562 893.3741455078125],0.49487707018852234,GX15OGJ,0.21653954976569595
186,6.0,[488.93086585798795 682.9218226338071 842.7889667706056 952.9003895447838],[612.5571899414062 850.7127685546875 717.9879150390625 897.0618896484375],0.5065052509307861,GX15OGJ,0.28758839807864495
187,6.0,[487.6166441693298 683.4447423521474 842.9106193635456 953.7698731350511],[613.38427734375 850.5554809570312 718.1570434570312 897.1400756835938],0.5121741890907288,GX15OCJ,0.3238073132646515
188,6.0,[487.11999147693075 683.4767940103249 843.654044919772 954.2731842736388],[614.2398681640625 855.8688354492188 708.5187377929688 897.1342163085938],0.4330400228500366,GX15OCJ,0.4357700678962846
189,6.0,[486.935373664533 683.3413917492657 844.1652211835997 954.4714757100375],[614.2445068359375 855.9021606445312 708.9112548828125 897.1587524414062],0.44396641850471497,GX15OCJ,0.4357700678962846
194,6.0,[482.9774972773863 690.8576002172581 841.3346455010006 968.3059885810585],[606.9963989257812 865.587890625 712.556884765625 906.815185546875],0.5636802315711975,GX15OGJ,0.22254738741188357
196,6.0,[481.3008340028572 694.4953395397972 840.7826739750141 972.5993840317808],[610.7501831054688 870.4815673828125 711.1494750976562 914.0123291015625],0.6418623328208923,GX15OCJ,0.44533391382290355
197,6.0,[480.90795705678204 695.7480727588965 840.8104639799495 973.8075395037537],[610.7945556640625 870.4799194335938 711.1395263671875 914.0051879882812],0.641493022441864,GX15OCJ,0.44533391382290355
198,6.0,[478.97289734634364 698.8291203867368 839.8956140553819 977.8233678791089],[602.67138671875 875.3485107421875 713.970947265625 919.1451416015625],0.46764466166496277,GX15OGJ,0.6765328627235256
199,6.0,[478.11725366814665 699.822071539376 839.7614204386344 979.492481123057],[602.5903930664062 875.3516235351562 714.031494140625 919.1559448242188],0.4696754217147827,GX15OGJ,0.6765328627235256
200,6.0,[477.7058045995872 702.4452600396082 838.8821701934751 980.8237177242295],[599.219482421875 872.9664916992188 712.3323364257812 919.1152954101562],0.5747752785682678,GX15OGJ,0.4104661992682106
201,6.0,[477.4762955381053 703.6626980267287 838.145764828393 981.1178710205833],[599.30419921875 872.962890625 712.34912109375 919.0836791992188],0.5772850513458252,GX15OGJ,0.4104661992682106
202,6.0,[476.25160205777087 705.5868001776507 838.1857142542312 984.9098416841639],[601.3311767578125 882.9065551757812 706.4560546875 924.6557006835938],0.572750449180603,GY15OGJ,0.2568360165891613
203,6.0,[475.5863030035343 705.9938816525801 838.371246722536 986.6344785255669],[601.2830810546875 882.89208984375 706.470947265625 924.6815185546875],0.5728507041931152,GY15OGJ,0.2568360165891613
208,1.0,[1027.5235499498801 553.0977068530215 1280.240567601956 774.6299819407757],[1113.3482666015625 686.4410400390625 1213.7574462890625 731.5415649414062],0.40318742394447327,AP05JEO,0.2559081934818757
209,1.0,[1026.9210909576022 553.6626286384543 1279.8499555050016 775.0319604994435],[1112.2117919921875 684.873046875 1215.2364501953125 732.1881103515625],0.4032953083515167,AP05JEO,0.250165425544473
216,6.0,[467.3482276711913 729.5550189231609 833.2085975877026 1015.8580533318963],[596.970947265625 908.6167602539062 697.2110595703125 951.2129516601562],0.5640488266944885,GX15OGJ,0.13856586897025686
217,6.0,[466.40911545621066 730.6843646761182 832.9901353679538 1017.8376883716493],[596.7371215820312 908.7276000976562 697.3316040039062 951.4288940429688],0.5701296925544739,GX15OGJ,0.22022961339131758
218,6.0,[465.95168743690283 731.3579584813747 832.2246221493681 1020.1265481808578],[583.5830688476562 908.0853881835938 696.6769409179688 956.2904663085938],0.6049143671989441,GZ15OCJ,0.18365181999613056
219,6.0,[465.84229714576975 731.2693807743062 831.8879880429175 1021.2213254688372],[583.5847778320312 908.0902099609375 696.6673583984375 956.2908935546875],0.6051546931266785,GZ15OCJ,0.18365181999613056
220,6.0,[464.11435144878 733.6983705661931 830.0183194941582 1024.5422277814341],[589.2399291992188 916.2799072265625 694.6074829101562 963.6961669921875],0.6112398505210876,GX15OCJ,0.6140581751947575
220,1.0,[1027.660510345467 562.2467370912974 1282.5590698987114 785.2788146330455],[1109.539306640625 699.5966186523438 1213.2235107421875 743.2384643554688],0.4328226149082184,AP05JEO,0.1317486302462652
221,6.0,[463.545618514107 734.4366702383663 829.4693048262161 1025.9282104581252],[589.2919921875 916.4331665039062 694.5401000976562 963.6421508789062],0.6140303015708923,GX15OCJ,0.6140581751947575
221,1.0,[1027.7625662568475 562.2794786056802 1282.5128634773614 786.0290057150651],[1109.517333984375 699.59765625 1213.2095947265625 743.2144775390625],0.4301421344280243,AP05JEO,0.1317486302462652
222,6.0,[463.34596119260823 737.6881738122703 829.073620772431 1029.395891799451],[589.2456665039062 918.9609375 691.0191650390625 965.4730224609375],0.6172348260879517,GX15OGJ,0.2189927577211887
223,6.0,[463.2435860863228 738.8553025910537 828.9361963566281 1030.648576601389],[589.18896484375 918.9054565429688 691.0471801757812 965.5241088867188],0.6173867583274841,GX15OGJ,0.2189927577211887
224,6.0,[463.2590046773236 741.0380912981668 829.9549060138095 1033.1307265293478],[581.7642822265625 919.8931884765625 693.3114013671875 967.5526123046875],0.5606604218482971,GX15QCJ,0.26425316200020205
225,6.0,[462.8630268392352 742.0317338144263 830.4134867646013 1034.3254524877975],[580.9528198242188 920.2703247070312 693.0551147460938 967.8576049804688],0.5674117803573608,GY15OGJ,0.6369412770067596
226,6.0,[461.12745050426213 745.1310070791163 829.9111572149953 1038.5014406402659],[582.8051147460938 928.8469848632812 692.4772338867188 972.6542358398438],0.5148909091949463,GY15OCJ,0.6789629049306831
227,6.0,[460.18205648403205 746.0706275654456 829.9399945278872 1040.1592832641331],[582.7266235351562 928.7435302734375 692.552734375 972.728759765625],0.5137436389923096,GY15OCJ,0.6789629049306831
228,6.0,[455.84669438943627 749.0119356611782 828.3070229068234 1044.321308076649],[579.8829345703125 933.0386352539062 688.3865966796875 980.7533569335938],0.5995774269104004,GY15OGJ,0.23526644431171695
229,1.0,[1026.7276157237225 569.2467485766144 1289.0439589324483 795.3309280896963],[1110.2386474609375 712.554931640625 1214.2445068359375 757.1947631835938],0.3138117790222168,AF35JEO,0.14287623538594074
232,6.0,[450.1286112611026 754.7178136624183 829.0690179707956 1051.1077006922899],[576.94482421875 940.5377197265625 691.2218627929688 987.7109985351562],0.6339926719665527,GX15OCJ,0.47373486624152034
233,1.0,[1027.6494975948224 570.9547868724962 1292.2217514491088 798.8539719791174],[1116.455322265625 713.420654296875 1218.094970703125 755.710693359375],0.3789171576499939,IF05JEO,0.24088007292674699
236,8.0,[573.5499413315856 537.5633625108383 811.3814711590594 743.4186655381602],[650.1782836914062 652.6206665039062 729.6328735351562 692.7665405273438],0.28383520245552063,XH05ZIK,0.07086633867994181
239,6.0,[447.9225160726031 766.0515140115497 829.2897581657538 1059.017297807113],[573.7537841796875 953.2657470703125 684.6285400390625 1000.17919921875],0.6011041402816772,GX15OCJ,0.2746438005759267
241,1.0,[1025.6561278980994 581.1869026411733 1293.5129507721958 811.828445485875],[1118.9046630859375 721.1764526367188 1218.878173828125 768.0316772460938],0.3240676522254944,AP05JEO,0.33413281485935326
242,1.0,[1025.1286822227448 581.5274342151763 1293.7887785824241 813.3571965449646],[1114.332275390625 721.264404296875 1209.967529296875 768.09765625],0.48773229122161865,AP05JEQ,0.6685676722208421
243,1.0,[1024.7399163474429 581.4040079241462 1294.0263166284885 814.0839680487435],[1114.3128662109375 721.3043823242188 1209.9986572265625 768.1175537109375],0.48868680000305176,AP05JEQ,0.6685676722208421
244,1.0,[1025.2242056706114 583.1629647033029 1294.5894573163037 816.2690186129588],[1106.6795654296875 724.2913818359375 1216.234130859375 768.6483764648438],0.4563503861427307,AP05JEO,0.40410273018697274
245,1.0,[1025.1781259594757 583.6413800854663 1294.6989846816402 816.9707223782542],[1106.8389892578125 724.375732421875 1216.24853515625 768.5235595703125],0.4409065246582031,AP05JEO,0.40410273018697274
246,6.0,[435.115196367572 778.9313848069647 823.452615141128 1073.4576756983354],[563.7363891601562 969.4230346679688 665.3471069335938 1013.732177734375],0.5126799941062927,GY15OGJ,0.3061180018809448
246,1.0,[1022.983384993413 586.2087522203102 1294.2536195636694 819.7315454888491],[1122.6181640625 734.3800048828125 1218.7196044921875 778.4871826171875],0.3822824954986572,AP05JEU,0.6548224919953517
246,8.0,[566.8505136632849 543.9845686627177 809.4295749014769 754.9887424941141],[641.848388671875 660.4797973632812 724.0466918945312 707.1284790039062],0.28664109110832214,KK05ZZK,0.1544567177067451
247,6.0,[434.59417730387065 779.9777660555145 823.5014885137683 1074.2018901263623],[563.7279663085938 969.4169921875 665.3862915039062 1013.7019653320312],0.5105010867118835,GY15OGJ,0.3061180018809448
247,1.0,[1021.7435037875007 587.0818589226344 1294.3168676034443 820.726654108325],[1121.917724609375 734.1822509765625 1218.4644775390625 778.55859375],0.4075218737125397,AP05JEU,0.40478216656382965
247,8.0,[566.2801401954265 544.3149414105953 809.5202865455418 755.8808409633295],[641.8685302734375 660.608642578125 724.0986328125 707.2377319335938],0.2777976095676422,KK05ZZR,0.18521139075516843
248,1.0,[1020.636247489729 587.9365870044912 1294.7032377306346 821.6721336684598],[1114.8988037109375 731.7914428710938 1215.3988037109375 774.9625854492188],0.327033132314682,AF05JEQ,0.729653356647707
249,1.0,[1019.9592783891085 588.2097452732166 1295.1124079630536 822.0076753083149],[1114.89892578125 731.79150390625 1215.3963623046875 774.9622802734375],0.32698380947113037,AF05JEQ,0.729653356647707
250,6.0,[432.21494229906347 785.0989296476642 823.5232673441351 1076.2516171046263],[568.92919921875 979.6509399414062 675.9810791015625 1026.6458740234375],0.622439444065094,GR15OGJ,0.2609259933706999
251,6.0,[431.3930495527899 786.4183593463139 823.591038947551 1076.2276451363032],[568.9524536132812 979.6739501953125 675.9580078125 1026.6309814453125],0.623374342918396,GR15OGJ,0.2609259933706999
252,6.0,[428.57664948206093 790.7473448650576 822.7053156544814 1077.2378625397132],[561.6763916015625 986.3798217773438 669.2476196289062 1034.755126953125],0.6415354013442993,GY15OGJ,0.24388794657219198
252,1.0,[1022.8638340151725 593.0178487292571 1297.0476879350808 825.435245874045],[1111.723876953125 733.2498779296875 1222.2203369140625 779.21044921875],0.34475821256637573,AF05JEO,0.22426328607458212
253,6.0,[427.155205367587 792.8630603447737 822.6186112694712 1076.9861772545084],[561.7457885742188 986.484619140625 669.1082153320312 1034.658203125],0.6414422988891602,GY15OGJ,0.24388794657219198
254,6.0,[425.4680148918695 794.8402474256658 822.1748891719699 1076.3540206898062],[560.4240112304688 989.3108520507812 671.2749633789062 1036.21533203125],0.6110780835151672,GZ15OGJ,0.1212633686151489
254,1.0,[1023.5156709274984 594.0580114709543 1297.7820610775211 827.1513100852095],[1111.72607421875 735.48193359375 1223.0362548828125 778.811279296875],0.48560237884521484,AP05JED,0.40697672930787293
255,6.0,[424.7415345399181 795.9538368069956 822.1099622987967 1075.641194986717],[560.46533203125 989.3701171875 671.2562255859375 1036.182861328125],0.6070990562438965,GZ15OGJ,0.1212633686151489
255,1.0,[1023.215794178723 594.2413127199353 1297.9853686141412 827.5626408667125],[1111.8638916015625 735.5601196289062 1222.9434814453125 778.6561889648438],0.4570504128932953,AP05JED,0.40697672930787293
256,6.0,[422.41725190050863 798.8751488371713 820.7839714193555 1075.869768481644],[550.4269409179688 990.433837890625 667.1358032226562 1040.5538330078125],0.6092228889465332,GX15OGJ,0.18687282272097325
257,6.0,[421.27950399131805 800.4022217530467 820.3460140598895 1075.4351913651624],[550.4020385742188 990.4398803710938 667.1423950195312 1040.5552978515625],0.6083887815475464,GX15OGJ,0.18687282272097325
260,33.0,[1121.2031988824847 812.5404180978582 1488.020675460571 1073.486057832975],[1255.8848876953125 992.0427856445312 1364.644775390625 1042.9521484375],0.5496082305908203,LM13VCV,0.11291999739354322
261,33.0,[1121.506500118075 813.7747852861914 1488.2993292146903 1072.9956974927732],[1255.91455078125 992.0859375 1364.6202392578125 1042.9234619140625],0.5450446605682373,LM13VCV,0.11291999739354322
262,6.0,[415.0452086422066 807.995632915193 818.0669378587976 1074.5784126485157],[551.2815551757812 1009.3575439453125 665.1325073242188 1056.446044921875],0.6696787476539612,GY15OCJ,0.25153421658733305
262,33.0,[1121.6886089618968 816.189181035624 1490.3717710057647 1073.0582541353822],[1251.676025390625 998.0679931640625 1364.3212890625 1047.1102294921875],0.44851362705230713,LM13VCV,0.11460294622038425
263,6.0,[414.19326361715633 809.379608294572 817.3586715089107 1074.5878259069996],[551.2819213867188 1009.3639526367188 665.1173095703125 1056.439208984375],0.6692689061164856,GY15OCJ,0.25153421658733305
263,33.0,[1121.422672476409 817.4915984068291 1491.4721630078388 1072.6449827543659],[1251.553955078125 998.493896484375 1364.0174560546875 1047.0003662109375],0.442025363445282,LM13VCV,0.15295030699333964
264,33.0,[1120.8223568886447 820.0616930078513 1490.8216664682018 1072.8536843360398],[1254.6524658203125 1006.7598266601562 1367.571044921875 1054.264892578125],0.6808391213417053,LM13VCV,0.6743804105100791
264,6.0,[415.9026409805603 813.0787467807453 817.8461826112562 1075.9557192563998],[548.31689453125 1013.72021484375 666.8582763671875 1062.3673095703125],0.6685712933540344,GX15OGJ,0.19227996651499366
264,1.0,[1024.4369433503587 602.9912414616057 1301.1862504496696 840.8628064695512],[1118.712890625 745.7039794921875 1224.7027587890625 791.1333618164062],0.4270642101764679,AP05JEO,0.3766767660138419
265,33.0,[1120.3260968791094 821.4379258439448 1490.3829305647494 1072.5836085159053],[1254.50537109375 1006.9923706054688 1367.467529296875 1054.124755859375],0.6793050765991211,LM13VCV,0.6837309714867932
265,6.0,[416.92316859501227 814.8466677489364 817.8873643103633 1076.0092844353208],[548.4768676757812 1013.7354125976562 666.82763671875 1062.5791015625],0.6706676483154297,GX15OGJ,0.37077226424624626
265,1.0,[1023.9563717221787 603.7608236834325 1301.6114735174292 841.731326429254],[1118.121826171875 745.8775634765625 1215.3753662109375 790.1277465820312],0.4241645932197571,AP05JEO,0.31673000973082654
266,33.0,[1121.0678778174758 824.0658826554761 1491.4925206224964 1073.7132728409854],[1256.6180419921875 1005.5952758789062 1371.0325927734375 1057.4400634765625],0.6549798846244812,LM13VCV,0.41079391824600553
266,6.0,[414.6478459794693 816.8548928469393 813.9819811524885 1076.8368746981446],[541.3587036132812 1015.3262329101562 660.278564453125 1061.082763671875],0.6524746417999268,GY15OGJ,0.17251865568125302
267,33.0,[1120.4742640806862 824.7148090780981 1491.1499744923453 1073.5668813313148],[1256.80859375 1005.3076782226562 1371.029052734375 1057.4112548828125],0.6512006521224976,LM13VCV,0.3057406698443158
268,6.0,[412.9052385791405 820.1608348799211 810.9880830487615 1077.3153907231433],[545.2022705078125 1024.232177734375 664.497314453125 1071.83056640625],0.6586107611656189,GX15OGJ,0.17315282985655261
268,33.0,[1120.4752265822788 827.4358191208071 1491.6644517477687 1075.3629403281723],[1255.111083984375 1008.2528686523438 1369.1737060546875 1062.85595703125],0.6195241212844849,LM13VCV,0.2955391124384397
269,6.0,[412.6086457618169 821.3368309147022 810.4788662714029 1077.0724752888818],[545.1912841796875 1024.222412109375 664.51416015625 1071.85400390625],0.6589979529380798,GX15OGJ,0.17315282985655261
269,33.0,[1120.579139885864 828.5588495220584 1491.9386174097765 1075.8119203848864],[1255.135009765625 1008.2548828125 1369.173095703125 1062.8602294921875],0.6179602742195129,LM13VCV,0.2955391124384397
270,33.0,[1122.002046277828 831.7404879199319 1493.7906653608052 1077.4127492382565],[1257.9320068359375 1016.820556640625 1372.33740234375 1068.0032958984375],0.652719259262085,LM13VCV,0.6676599954939036
270,1.0,[1021.090284994156 607.5877755071698 1303.3475315145727 844.9483231160644],[1121.1749267578125 757.130126953125 1214.544189453125 798.419677734375],0.3161047101020813,AP05JEO,0.07362677486543719
271,6.0,[409.27704831250276 826.5412354682708 809.508035762281 1079.204033832286],[541.5836791992188 1028.1485595703125 664.8218994140625 1078.587890625],0.6721999645233154,GY15OGJ,0.45462050569768525
271,33.0,[1121.0917517378168 833.1876084629894 1493.4783268801714 1077.5175750142548],[1258.5728759765625 1016.974609375 1372.6131591796875 1067.9512939453125],0.6442314386367798,LM13VCV,0.3637291940147027
271,1.0,[1020.6562825165986 608.2404074724325 1303.909623141555 846.0468988707003],[1121.32763671875 757.1008911132812 1214.9635009765625 798.4252319335938],0.3114018142223358,AP05JEO,0.07362677486543719
272,1.0,[1021.1905220092667 609.5285131986132 1305.3184312933508 847.6120597713436],[1121.889892578125 752.9895629882812 1232.3028564453125 803.0469360351562],0.43926405906677246,AP05JEO,0.7126494027951744
273,33.0,[1124.7088564441442 836.6092099753627 1494.1193597319184 1078.9381129324872],[1255.4339599609375 1015.5849609375 1377.1976318359375 1072.636962890625],0.6777219772338867,LM13VCV,0.34507904342064327
273,1.0,[1021.2004914034358 609.9895087679527 1305.970791282483 848.2974344495981],[1122.030517578125 752.927490234375 1232.2222900390625 803.0654296875],0.4297056198120117,AP05JEO,0.24726285989269015
274,1.0,[1022.564237418 611.6331589169674 1307.8242748626533 850.415805969292],[1123.8927001953125 758.4815063476562 1232.866455078125 808.0913696289062],0.6369026899337769,AP05JEO,0.5666264077983493
274,33.0,[1126.2247146613483 838.8459335491854 1496.146602631529 1078.429646825361],[1260.414306640625 1027.1165771484375 1375.5631103515625 1078.0947265625],0.6221888065338135,LM13VCV,0.24677603484146468
274,8.0,[549.9143316071073 562.5313559237547 803.7345075521761 781.0535200190238],[626.0454711914062 687.4461059570312 714.9107666015625 730.6873779296875],0.29999008774757385,KH05ZIK,0.27508836698644684
275,1.0,[1022.7094927374764 612.1658291890152 1308.4510667524462 851.2731410894859],[1123.822265625 758.525390625 1232.6868896484375 808.3070068359375],0.6358166933059692,AP05JEO,0.5666264077983493
275,8.0,[549.5646628016548 562.5101259818343 803.9231519591729 781.3805293252401],[625.7869873046875 687.529052734375 714.6976928710938 730.9466552734375],0.29497605562210083,LH05ZIK,0.11222717416195958
278,1.0,[1026.019840703027 615.9986563556766 1310.7250703235095 855.0317910222196],[1121.311767578125 763.7356567382812 1222.5745849609375 802.8978881835938],0.5465294122695923,AP05JEO,0.7464150217317034
279,1.0,[1025.6910090065771 616.2517614031416 1310.990313575484 855.586188884905],[1121.3145751953125 763.8448486328125 1222.81982421875 802.8541870117188],0.5493424534797668,AP05JEO,0.7464150217317034
280,8.0,[545.1109737906066 563.9791543608693 800.9221940036397 785.8006555671724],[625.5752563476562 695.6028442382812 709.3488159179688 734.8458251953125],0.30400165915489197,KH05ZIX,0.17575066833250427
281,8.0,[544.2020899841602 564.1300282827857 800.5124725654389 786.6937097357169],[625.6393432617188 695.64794921875 709.3154296875 734.819091796875],0.2929225265979767,KH05ZIX,0.17575066833250427
282,1.0,[1023.7870852978622 617.7954021182147 1312.6544845932463 861.5871016876786],[1127.4019775390625 768.5853881835938 1229.9786376953125 810.8754272460938],0.32468923926353455,AP05JEO,0.3443624470426691
282,8.0,[542.008441919545 565.4460348534951 798.2981636343688 788.3426244381544],[628.9151611328125 697.9050903320312 708.2695922851562 736.6751098632812],0.3136443793773651,KK05ZTK,0.20461353719701303
283,1.0,[1023.2611492652156 617.9490601265204 1313.005579776723 862.5919511079007],[1127.29638671875 768.894287109375 1233.03369140625 811.1911010742188],0.2729616165161133,AP05JEO,0.2250752099270285
284,8.0,[540.4340611314582 566.6638180381091 796.2050651973087 790.1596744691857],[622.8764038085938 698.1076049804688 708.5340576171875 740.669921875],0.41370415687561035,KM05ZZU,0.13642002376747542
285,8.0,[540.2172333625808 566.8907709615726 795.706437737244 790.3667016445952],[622.8220825195312 698.0856323242188 708.3057861328125 740.6298217773438],0.40195345878601074,KM05ZZU,0.13642002376747542
286,1.0,[1022.21386510051 620.6512268245364 1315.2631564057008 868.3317855196175],[1118.2061767578125 769.313232421875 1232.1256103515625 813.125244140625],0.546425998210907,AP05JEO,0.44393957111330085
287,1.0,[1021.3637354150983 620.9057587265429 1315.3710507257074 869.6266936205639],[1118.1976318359375 769.3275756835938 1232.072021484375 813.0775146484375],0.5455188155174255,AP05JEO,0.44393957111330085
288,8.0,[537.9141847234379 573.1133123368243 794.2372342562563 795.6677441379061],[621.7880859375 703.5221557617188 702.8670043945312 743.2188720703125],0.44478318095207214,KH05ZIK,0.49201882668397046
288,1.0,[1024.0602823735471 622.9320900916355 1318.1860674717768 872.7425963453015],[1122.7701416015625 775.7105712890625 1221.0123291015625 817.6025390625],0.3895651698112488,AP05JEO,0.3317787403449242
289,8.0,[537.4328731692065 573.6838674750397 793.7105025042479 796.3436759782044],[621.7467651367188 703.6583862304688 702.3822021484375 742.815673828125],0.4479154050350189,KM05ZZK,0.48469396106673884
290,1.0,[1024.609574148407 625.2362964409472 1319.5222522399893 876.1167833659647],[1134.19482421875 778.4710693359375 1234.9622802734375 822.630615234375],0.38234248757362366,AP05JEO,0.44762127709827315
291,1.0,[1023.9532973829265 625.8441059148024 1319.328691112098 876.7644701209508],[1134.2041015625 778.418701171875 1234.986083984375 822.6778564453125],0.3839278817176819,AP05JEO,0.44762127709827315
292,8.0,[536.9143017666124 576.2564320003657 792.6141597532348 799.6486784188407],[620.2517700195312 707.3948974609375 700.036376953125 753.1535034179688],0.5193808078765869,KH05ZIK,0.28211618816513
292,1.0,[1024.6848764817157 627.7804985745166 1319.9983925648282 879.0797841079465],[1120.70068359375 781.0247192382812 1218.7353515625 822.3095092773438],0.340408056974411,AP05JED,0.3124294513582843
293,8.0,[536.752557561151 576.9083392221055 792.3639624218238 800.3480849423368],[620.2216796875 707.4314575195312 700.0349731445312 753.1376953125],0.5200294852256775,KH05ZIK,0.28211618816513
293,1.0,[1025.0813935132883 628.3973362298091 1320.2956416966904 879.9546922594332],[1120.67138671875 781.0368041992188 1218.4991455078125 822.299072265625],0.3350994288921356,AP05JED,0.3124294513582843
295,8.0,[534.6439870910737 579.1854099563966 791.7117672399364 804.3856151300063],[616.1571655273438 707.5501098632812 701.4407348632812 755.2355346679688],0.538449764251709,KH05ZZK,0.5464894828069888
296,1.0,[1024.4239690541917 631.6901034647933 1321.0529408651014 885.5650600360916],[1122.787109375 786.4708251953125 1232.2166748046875 826.4747924804688],0.5084909796714783,AP05JEO,0.7320711347052016
297,1.0,[1024.18569936593 632.0081493654822 1321.5112039060184 886.23175087006],[1122.807861328125 786.5010375976562 1232.40673828125 826.4707641601562],0.5080746412277222,AP05JEO,0.7320711347052016
298,1.0,[1026.0394599743254 633.5799056674987 1323.3032659496203 888.4070676947729],[1128.6607666015625 794.4151611328125 1234.36279296875 833.2078857421875],0.2934363782405853,AP05JED,0.39509457181698737
298,8.0,[531.8941281117264 581.425127010848 790.6470231235618 807.88847595068],[612.4900512695312 707.9401245117188 698.402587890625 754.1306762695312],0.2574661076068878,YK05ZZK,0.09632268260236428
299,1.0,[1027.0117856108209 634.0494644983049 1324.1799824525788 889.2896222725827],[1128.49072265625 794.35986328125 1234.3795166015625 833.278564453125],0.2917941212654114,AP05JED,0.39509457181698737
299,8.0,[531.8024563280662 581.6903757541203 790.7686340093339 808.5255938794577],[612.7352905273438 708.2869262695312 698.2710571289062 754.2302856445312],0.281836599111557,YK05ZIX,0.16982943031147085
300,8.0,[531.2818257019918 583.1249271179453 791.0871620912363 810.4435704371646],[612.124755859375 712.6359252929688 695.3540649414062 755.9053955078125],0.380466103553772,KM05ZZK,0.8744941995967588
300,1.0,[1026.197596518798 636.7067725530021 1326.263374858123 892.9817306934426],[1130.92041015625 791.4884033203125 1218.2840576171875 829.4036865234375],0.3537229597568512,AP05JEO,0.30561405008343284
301,8.0,[530.9510397231196 583.7801570462445 791.3760591083329 811.3319218885204],[611.8899536132812 712.9764404296875 694.7042846679688 756.1094970703125],0.3965276777744293,KM05ZZK,0.40293935019399507
301,1.0,[1024.9447636104046 637.4256406855732 1327.4554935780734 894.3487120124648],[1130.99853515625 791.4591064453125 1218.2618408203125 829.4412231445312],0.3482125699520111,AP05JEO,0.30561405008343284
302,8.0,[529.3934925625233 585.7048488978916 790.8125329947891 812.3369837524684],[610.3115844726562 713.7321166992188 692.9107666015625 755.6321411132812],0.3513551354408264,EK05ZZK,0.3119146417779944
302,1.0,[1026.0768985923366 637.6763462393467 1329.7412203776128 895.2411233981813],[1126.7685546875 790.9837646484375 1231.0599365234375 831.7781982421875],0.30552908778190613,AP05JEO,0.7236836247009755
303,8.0,[528.5586499254473 586.4941864441199 790.7580549777533 812.4703943323924],[610.3887329101562 713.719482421875 692.8737182617188 755.6076049804688],0.35170748829841614,EK05ZZK,0.3119146417779944
304,1.0,[1021.640761258081 639.7672492729697 1328.99499475017 897.2128289714157],[1126.6024169921875 793.5802001953125 1240.8958740234375 839.0978393554688],0.5244011282920837,XP05JEQ,0.3482571819769896
305,1.0,[1020.3345574034652 640.5274753752001 1328.575756140367 897.7602925357294],[1126.607666015625 793.5971069335938 1240.8717041015625 839.0770263671875],0.5242434740066528,XP05JEQ,0.3482571819769896
306,1.0,[1020.4021320500092 642.2949250012557 1328.2905290192198 900.259004259018],[1128.5277099609375 796.4310302734375 1238.667724609375 844.6302490234375],0.3832189738750458,AP05JEO,0.23890221046944965
307,8.0,[525.6858338715865 587.7707405125444 789.4546757268979 815.2637109938095],[608.5480346679688 721.6739501953125 696.0116577148438 763.9953002929688],0.46256402134895325,KH05ZZK,0.36132484241255663
307,1.0,[1020.3149493620888 642.798627026545 1328.4763032205753 901.3194020751129],[1128.5498046875 796.3866577148438 1238.8221435546875 844.6766967773438],0.36906352639198303,AP05JEO,0.23890221046944965
308,8.0,[525.223071144475 588.8948538272896 788.9471914750051 816.3988761095957],[606.7229614257812 722.4559936523438 695.1119995117188 765.4385375976562],0.40884172916412354,KN05ZZK,0.4138459660032879
308,1.0,[1020.7460092720778 643.0797244776513 1330.2342071748205 901.9644863783969],[1131.8238525390625 800.9961547851562 1245.37890625 850.459716796875],0.36644065380096436,AP05JEO,0.646334353405295
309,8.0,[525.1837895651886 589.2695187588312 788.8023756946213 816.7346567615813],[606.6923828125 722.4581298828125 695.1176147460938 765.4224243164062],0.40742287039756775,KN05ZZK,0.4138459660032879
309,1.0,[1020.7766557545683 643.0792531342847 1331.1157635157301 902.2242866903334],[1131.916748046875 800.991455078125 1245.3934326171875 850.4352416992188],0.37211480736732483,AP05JEO,0.646334353405295
310,1.0,[1023.479015520744 644.379815507146 1335.9756369064796 903.8546908474842],[1132.99853515625 804.8137817382812 1239.037109375 848.5772705078125],0.45457544922828674,AP05JEO,0.19912664423583726
311,1.0,[1024.0307743643807 644.8171812788069 1338.007018915524 904.5504568140457],[1134.0931396484375 805.3986206054688 1239.5816650390625 848.8931274414062],0.48703086376190186,AP05JEO,0.4731906075227984
312,1.0,[1024.6509220817145 649.1605000243474 1338.312936043373 908.7102847354638],[1142.139404296875 808.2398071289062 1247.8370361328125 851.4607543945312],0.4309215843677521,AP05JEO,0.5548171317392501
313,1.0,[1024.9477147905327 650.8288490896898 1338.2015427438469 910.2896244489782],[1142.1175537109375 808.305419921875 1247.451904296875 851.4961547851562],0.4269810616970062,AP05JEO,0.6014288987847186
314,1.0,[1022.898790992186 651.4801558956215 1335.5150482837635 911.5433797243754],[1134.5086669921875 809.0548706054688 1247.1710205078125 849.936279296875],0.4960487484931946,AP05JEO,0.5046561830130437
315,1.0,[1022.2621740169154 651.7683112829485 1334.237919560472 912.2849581653096],[1134.050537109375 808.795166015625 1247.23388671875 849.939697265625],0.4913628101348877,AP05JEO,0.560479445216686
316,1.0,[1021.158157958298 653.0755605343838 1334.1890167326064 913.8637632628056],[1142.1083984375 816.1287841796875 1249.4532470703125 853.0792846679688],0.30746233463287354,AP05JEQ,0.6798083554438736
317,1.0,[1020.6938538914803 653.5125319520124 1334.4134540423527 914.4418901148566],[1142.066650390625 816.088623046875 1249.5264892578125 853.118408203125],0.3110966682434082,AP05JEQ,0.6798083554438736
318,8.0,[517.7067434299629 594.563740547795 785.4140355567492 830.3816390141386],[603.463623046875 735.8302612304688 692.8961791992188 778.7974243164062],0.3381543755531311,NH05ZTK,0.11729973510872012
318,1.0,[1021.3549127582439 655.4976938855723 1335.4155377854242 917.0783237908886],[1142.30322265625 819.2138671875 1238.4010009765625 854.2635498046875],0.3103090822696686,AP05JEO,0.4409046814961027
319,8.0,[518.201065038586 595.71227473889 785.6980444260635 831.5015408565306],[603.0070190429688 735.9423217773438 692.1458740234375 778.8047485351562],0.3375447988510132,NH05ZZK,0.10981044228094455
319,1.0,[1021.5603171847101 656.0493151710155 1335.714718570841 918.1781962156617],[1140.2352294921875 819.8084716796875 1240.614013671875 854.7938842773438],0.2910236716270447,AP05JEO,0.3857522800360554
320,8.0,[517.970083832634 596.0691490344947 785.3907373443996 832.6423463075674],[602.0274658203125 735.409423828125 691.9110717773438 779.8386840820312],0.44653913378715515,KR05ZZK,0.5285203499419566
321,8.0,[517.643821471212 596.0697302478148 785.1068406416598 833.1631149978235],[602.0814208984375 735.3741455078125 691.927978515625 779.8057861328125],0.4517818093299866,KR05ZZK,0.5285203499419566
322,1.0,[1026.6160928261243 659.6265411629341 1336.6814177909196 922.226838759916],[1132.2744140625 818.2880859375 1248.885986328125 859.1451416015625],0.514428973197937,AP05JEO,0.18595791571864298
322,8.0,[516.5386197192444 598.5149826028171 784.3444280638508 835.1971453396816],[603.1021118164062 739.4489135742188 690.6468505859375 782.1058959960938],0.47542861104011536,KN05ZTK,0.304762408789245
323,8.0,[516.0717523942718 599.5193877694377 784.1229931923607 835.81170785436],[603.0717163085938 739.4364624023438 690.6780395507812 782.1600952148438],0.4733497202396393,KN05ZTK,0.304762408789245
324,1.0,[1026.4970836610905 662.5294841916323 1336.7112834401328 926.4648975692123],[1143.6522216796875 826.7791137695312 1257.492919921875 870.8507690429688],0.2611316442489624,AP05JEO,0.14884833351536925
325,1.0,[1026.0700406140847 663.1407436235456 1337.0716121510675 927.7864160225856],[1143.5966796875 826.708740234375 1257.50439453125 870.90966796875],0.2577802538871765,AP05JEO,0.14884833351536925
326,1.0,[1029.1752747700803 664.3814981075266 1339.9678861849916 929.7267993255159],[1136.251220703125 827.0802612304688 1248.96142578125 871.3057250976562],0.3840102255344391,AP05JEO,0.21775267117371178
327,1.0,[1030.434796528982 664.5736544446379 1341.0836311394235 930.3067174478267],[1136.2713623046875 827.0731201171875 1248.7999267578125 871.3165283203125],0.37650227546691895,AP05JEO,0.21775267117371178
328,1.0,[1031.1190771844308 666.0531277541459 1341.5742322273504 933.1064886710458],[1139.604248046875 829.177734375 1253.6539306640625 877.0869140625],0.5329126119613647,AP05JEO,0.6792245490267578
328,8.0,[511.8159431861755 604.8568087426942 784.4096290003674 840.9732853833269],[602.3207397460938 746.9486083984375 690.0055541992188 789.15625],0.5324857831001282,KH05ZTK,0.2733971824894774
329,8.0,[511.62651600134313 605.6265299482056 784.6314487791249 841.7351828553026],[602.3214111328125 746.9540405273438 689.9840087890625 789.12158203125],0.5331408977508545,KH05ZTK,0.2733971824894774
329,1.0,[1031.6512116044332 666.2681802495159 1341.677079952312 934.1722883127383],[1139.6558837890625 829.2185668945312 1253.6641845703125 877.0387573242188],0.5318114161491394,AP05JEO,0.6792245490267578
330,1.0,[1033.2278569279067 668.2340770255298 1342.1041371277763 938.0287432648529],[1139.984619140625 834.2015991210938 1259.4404296875 875.6925659179688],0.5445541143417358,AP05JEO,0.8361604737018938
330,8.0,[511.0219570113909 608.9867521525065 784.3081426045676 845.0242186815632],[602.68798828125 750.6298828125 689.1848754882812 791.590576171875],0.5251095294952393,KR05ZIK,0.3315548667146394
331,1.0,[1034.044918950436 668.5590595937368 1342.0773624986327 939.773212839225],[1140.7781982421875 834.7525634765625 1260.0450439453125 876.41455078125],0.5448547005653381,AP05JEO,0.43630214936636447
331,8.0,[510.7085258754033 610.3454057263302 784.2744701895316 846.3173103072293],[606.5735473632812 751.1101684570312 689.3963623046875 791.5402221679688],0.5043479800224304,KK05ZIK,0.5102801807849487
332,1.0,[1032.3703861403055 670.5746385643208 1340.7332890341936 941.8708018868886],[1144.0313720703125 839.472900390625 1246.6151123046875 877.3110961914062],0.3462386131286621,AP05JEQ,0.3382240578719178
333,8.0,[509.6430028209443 608.72389856836 783.9281993277889 846.4817513807275],[600.0157470703125 751.4091796875 688.1950073242188 795.5549926757812],0.5523766279220581,KH05ZIK,0.6102488899580137
333,1.0,[1031.49855750154 671.1890145686064 1340.177392392926 942.3848817714008],[1144.070556640625 839.478759765625 1247.255126953125 877.3026733398438],0.34646230936050415,AP05JEQ,0.3382240578719178
334,8.0,[509.62272632642106 610.9883057842242 784.0007769168981 849.1816766696493],[596.4220581054688 752.3527221679688 688.2467041015625 797.5317993164062],0.5863084197044373,KN05ZTK,0.47334108694273
334,1.0,[1030.6933706085492 673.8255091325535 1340.821749055684 945.0110112896385],[1148.361083984375 841.3646850585938 1243.1597900390625 879.1056518554688],0.4264683127403259,AP05JEO,0.9225004642669872
335,8.0,[509.6043008769574 611.7566505303794 783.9807797169252 850.2573865670217],[596.3917846679688 752.195068359375 688.3195190429688 797.6282958984375],0.5772653818130493,KN05ZTK,0.47334108694273
335,1.0,[1030.194988490661 674.8323321668834 1341.35981790426 946.0169665660783],[1157.588134765625 838.94189453125 1262.83349609375 883.1701049804688],0.3145652115345001,AP05JEO,0.9311369903483749
344,1.0,[1035.383150713117 686.9262278459205 1348.462965614208 957.8995081041264],[1147.1343994140625 853.0603637695312 1265.426513671875 899.9154052734375],0.5749420523643494,AP05JEO,0.3372179389898203
345,1.0,[1032.5799172575778 687.5543578688921 1348.9498505117251 958.9926988023662],[1147.160888671875 853.0717163085938 1265.4078369140625 899.9104614257812],0.574307382106781,AP05JEO,0.3372179389898203
346,1.0,[1038.3047128259343 689.4135367074109 1353.6828513390394 961.683483665221],[1147.0667724609375 860.750244140625 1257.893310546875 902.003173828125],0.48247429728507996,AF05JEQ,0.04526632071792702
347,8.0,[503.33744508227164 628.1607094368362 780.8036079224521 862.9215595986589],[595.3436279296875 767.1868286132812 683.5355834960938 810.9620361328125],0.5472282767295837,KH05ZZG,0.18769173964791738
347,1.0,[1040.7693190410253 689.9109567331329 1355.3730843408428 962.7725886282265],[1147.0938720703125 860.7609252929688 1257.9554443359375 902.0025024414062],0.48253363370895386,AF05JEQ,0.04526632071792702
348,1.0,[1042.0514643086615 692.4090458031469 1355.5850237576813 965.426718393692],[1152.165283203125 864.9126586914062 1267.74072265625 906.1214599609375],0.4382960796356201,AF05JEQ,0.43752386048587066
349,1.0,[1042.8402936724333 693.3871508861314 1355.5674807805035 966.510879693974],[1149.8634033203125 865.0057983398438 1267.254150390625 906.3059692382812],0.44749152660369873,AF05JEO,0.6107972979109921
350,1.0,[1041.5577671052622 696.1992559704698 1354.9951068816038 969.191848357177],[1148.6317138671875 862.7318725585938 1259.0223388671875 907.0752563476562],0.3664330542087555,AP05JEO,0.2363211194623609
351,1.0,[1041.5967965280388 697.1775488450426 1355.323689188022 970.0747225819025],[1156.1220703125 863.9007568359375 1265.2646484375 909.4661865234375],0.3565126061439514,AF05JEO,0.44058054303488053
354,1.0,[1043.4855298933173 703.1846716291111 1357.9495270135983 976.6671004692423],[1146.7452392578125 871.2533569335938 1241.124755859375 914.6680297851562],0.49930596351623535,AP05JEC,0.35423239598509876
355,1.0,[1044.5347535805543 703.9963311338244 1359.3786410914502 978.1210942906142],[1146.6943359375 871.1870727539062 1240.7801513671875 914.678466796875],0.4978437125682831,AP05JEC,0.3667309373820009
358,1.0,[1044.2607344602852 707.2645636714349 1364.281038699637 983.533711716708],[1145.1907958984375 876.3532104492188 1277.5491943359375 923.8449096679688],0.4077489674091339,AP05JEO,0.2191822812621436
359,1.0,[1044.0834879457009 707.6730136107294 1364.9865074608845 984.6348507098821],[1145.2254638671875 876.3900146484375 1277.5242919921875 923.7888793945312],0.4026215076446533,AP05JEO,0.2191822812621436
360,1.0,[1045.2965013810526 709.9391552701194 1365.9546008475409 988.0764575540874],[1149.4134521484375 884.3873291015625 1276.609130859375 929.3120727539062],0.3352603316307068,AP05JEO,0.554160916514504
361,1.0,[1045.712856764174 710.6019791059582 1366.2307515631983 989.6675818098358],[1149.4774169921875 884.3763427734375 1276.5899658203125 929.315185546875],0.33169037103652954,AP05JEO,0.554160916514504
362,1.0,[1045.9207655924417 712.3964852360441 1367.2059828371941 992.2768747469099],[1159.3016357421875 888.3316040039062 1272.0089111328125 928.8396606445312],0.48562872409820557,AP05JEO,0.24165398569470786
363,1.0,[1045.8889356869481 712.8888389784511 1367.7168904824912 993.3508069552277],[1159.32177734375 888.34423828125 1271.9385986328125 928.8255615234375],0.4838591516017914,AP05JEO,0.24165398569470786
364,1.0,[1045.375526936465 713.6059121584951 1369.6107945500792 994.8514389875745],[1173.9111328125 889.179443359375 1285.0968017578125 931.674560546875],0.29613879323005676,AP05JEO,0.5943211064978502
365,1.0,[1044.774921479346 713.7295053692642 1370.832556548429 995.5844340664041],[1174.2232666015625 889.2068481445312 1285.0687255859375 931.6565551757812],0.29561522603034973,AP05JEO,0.416933997849682
366,8.0,[490.61472328673557 650.6282061914112 770.3937367316346 895.2710305632081],[583.2846069335938 797.851318359375 674.8140869140625 841.2542724609375],0.6139301657676697,KR05ZZK,0.22569524814140862
366,1.0,[1043.249388373766 716.1843813900359 1374.3121611911354 998.2679051806931],[1160.7601318359375 891.8641357421875 1277.60498046875 937.3074340820312],0.28539565205574036,AP05JEO,0.5383459370197231
367,8.0,[490.0294754304591 651.5726760938189 769.509953124614 896.4263105105863],[583.252197265625 797.8245849609375 674.87548828125 841.29345703125],0.6144281029701233,KR05ZZK,0.22569524814140862
367,1.0,[1041.9561113836216 717.0324426392393 1376.5758488327674 999.3205957088602],[1150.222412109375 892.3261108398438 1265.099853515625 934.6454467773438],0.48439180850982666,AP05JEO,0.8893741225659678
368,1.0,[1042.9839727202395 718.9487217121405 1378.4074664952839 1000.914269488351],[1152.8062744140625 889.4700317382812 1265.20458984375 938.2061157226562],0.5871502757072449,AP05JEO,0.8586775151499618
369,1.0,[1043.2388735791105 719.6580051220507 1379.339356671122 1001.3652773057321],[1152.7862548828125 889.4338989257812 1265.442626953125 938.2613525390625],0.586961030960083,AP05JEO,0.8586775151499618
370,8.0,[488.96274286428553 653.2344492196158 767.5870805715751 899.9687546891699],[578.627197265625 802.140380859375 672.1556396484375 848.514404296875],0.5890285968780518,KH05ZZK,0.1410631523641519
370,1.0,[1044.2096864014102 722.7782644274204 1380.9706080951914 1005.1217748515547],[1161.1907958984375 900.2777709960938 1274.867431640625 945.9102172851562],0.5653259754180908,AP05JED,0.6722771491434729
371,8.0,[488.96897452156054 653.5153255463986 767.4355732430886 900.8853952323418],[578.6738891601562 802.115478515625 672.1188354492188 848.4400634765625],0.5926057696342468,KH05ZZK,0.1410631523641519
371,1.0,[1044.4897659836229 723.7992289474437 1381.7289220491007 1006.6259877969928],[1161.17431640625 900.1989135742188 1274.89453125 945.9410400390625],0.5658312439918518,AP05JED,0.6722771491434729
372,8.0,[487.7559043047597 655.3064468144348 767.1855917538558 903.8153894429497],[576.87841796875 802.0426025390625 672.4984741210938 849.3292236328125],0.6264944672584534,MM05ZZK,0.024175380694640595
372,1.0,[1044.9652125707853 726.3304194987217 1383.3020671985496 1010.2016083156412],[1151.5753173828125 900.6626586914062 1279.953125 947.4581909179688],0.5353784561157227,AP05JEO,0.809979360590252
373,8.0,[487.0816098800515 655.7426177856614 767.3231035648798 905.1851619507931],[577.08447265625 802.0444946289062 672.6318969726562 849.3369750976562],0.6232648491859436,CX05ZIK,0.07193677700141238
373,1.0,[1044.6220453645315 727.0647554833097 1383.5895600377871 1011.6196805138334],[1151.664306640625 900.53759765625 1280.163330078125 947.3739624023438],0.5330254435539246,AP05JEO,0.524899536254812
376,8.0,[483.5994391000746 659.1373737207135 766.4637836396083 910.7671200674641],[576.5304565429688 808.7341918945312 671.0302734375 852.9724731445312],0.5851780772209167,KH05ZZK,0.19688536561814032
377,8.0,[482.7276289816726 659.6367363828346 766.3440451847378 911.8894882279836],[576.5347290039062 808.7433471679688 671.02685546875 852.970458984375],0.5853859186172485,KH05ZZK,0.19688536561814032
378,1.0,[1044.5163791164734 736.4226022492628 1387.5119412997794 1022.0384939734968],[1159.2628173828125 914.7886962890625 1266.35498046875 956.2891845703125],0.5675700306892395,AP05JEO,0.7758083350339217
379,1.0,[1043.172502269922 737.4576113228825 1387.6397896431486 1023.1598601419187],[1159.5777587890625 914.9473266601562 1266.75634765625 955.970458984375],0.5619935393333435,AP05JEO,0.39828824372194155
380,1.0,[1043.0076283712672 738.4455382855846 1389.167985271711 1024.7643945103305],[1152.1451416015625 911.4548950195312 1282.2930908203125 960.8069458007812],0.279236376285553,AP05JED,0.9300489827385853
381,1.0,[1042.3066079507773 738.6153037636515 1389.8309327789332 1025.3170008851814],[1152.1043701171875 911.4512939453125 1282.443603515625 960.8635864257812],0.2824130058288574,AP05JED,0.9300489827385853
382,1.0,[1041.256093380581 742.6671779370432 1387.0392069612724 1029.7798302200817],[1160.3785400390625 917.48388671875 1274.8929443359375 966.6911010742188],0.6095096468925476,AP05JEO,0.6679669176590377
383,1.0,[1041.1707749611555 744.0028753443727 1385.714648298634 1031.3524995825737],[1160.388916015625 917.4959106445312 1274.8953857421875 966.6578979492188],0.6091580986976624,AP05JEO,0.6679669176590377
384,1.0,[1042.9175802984219 748.2292903995076 1388.4265545482863 1035.7982783858279],[1161.014892578125 930.3626098632812 1282.26513671875 971.16455078125],0.4942115247249603,AP05JEO,0.1289303505527773
385,1.0,[1043.3917113742805 749.7190880754331 1389.5653443986198 1037.4188226440538],[1161.01513671875 930.3568725585938 1282.243408203125 971.1633911132812],0.4939311146736145,AP05JEO,0.1289303505527773
386,8.0,[472.5739586358318 673.9751416480594 765.5059667428402 926.092427216445],[570.5203247070312 826.3809814453125 664.038330078125 871.4155883789062],0.5854631066322327,KK05ZZK,0.2971391559943163
386,1.0,[1044.1651200794004 750.9895072734068 1390.193674259387 1039.3311560094317],[1163.05126953125 929.0784301757812 1282.9835205078125 972.0170288085938],0.4798578917980194,AP05JEO,0.16363506356955965
387,8.0,[472.7530353381804 674.2952896099162 765.8249928087057 926.1396635873509],[570.4682006835938 826.259033203125 664.0658569335938 871.464111328125],0.586154580116272,KK05ZZK,0.2971391559943163
387,1.0,[1044.487540705308 751.2921828148186 1390.532708246283 1040.0598072351697],[1162.9991455078125 929.0181884765625 1282.94970703125 972.0606079101562],0.478407084941864,AP05JED,0.28653154743702736
388,1.0,[1045.082092516729 753.0180429144988 1391.684271313778 1042.830275464484],[1167.951416015625 935.861083984375 1286.114501953125 978.7017211914062],0.5649954080581665,AP05JEQ,0.5310578626623468
389,1.0,[1045.120071985252 753.4260775940465 1391.8436627320486 1043.968580978945],[1167.9493408203125 935.8494873046875 1286.226318359375 978.728759765625],0.5657573938369751,AP05JEQ,0.5310578626623468
391,1.0,[1046.8595972967585 756.016321388101 1393.532066559617 1046.8439505187703],[1168.7618408203125 938.7140502929688 1279.9976806640625 979.4319458007812],0.6309752464294434,AP05JEO,0.6707658864295163
394,8.0,[467.8885202845114 684.8598368650278 762.9763809185143 941.1169538881636],[564.6229858398438 840.5095825195312 660.5850830078125 884.7940063476562],0.6249464750289917,KH05ZZK,0.7972478626479861
394,1.0,[1046.0204367433487 760.6849806924686 1394.274332818786 1051.776695725898],[1171.0994873046875 946.05029296875 1294.907958984375 993.7337036132812],0.4928337633609772,AP05JED,0.13639412020659647
395,8.0,[467.48984036876806 685.283868187477 763.5046282206729 942.3146436388303],[564.5940551757812 840.52392578125 660.5775756835938 884.7845458984375],0.6242998838424683,KH05ZZK,0.7972478626479861
395,1.0,[1045.8340088870143 761.3898904501956 1395.23376791433 1053.0587812040933],[1171.1064453125 946.0345458984375 1294.8721923828125 993.7152099609375],0.49186569452285767,AP05JED,0.13639412020659647
396,1.0,[1047.3321645486478 764.6506818516231 1400.9032797827047 1057.3731661422855],[1186.4144287109375 953.3975830078125 1307.018310546875 993.9873046875],0.44890111684799194,AP05JEO,0.2910665121462348
397,1.0,[1047.2857992584902 765.7919391816561 1404.0404700059887 1059.3976531055162],[1186.557861328125 953.4655151367188 1306.9691162109375 993.9699096679688],0.4526429772377014,AP05JEO,0.2910665121462348
398,8.0,[464.73155927901337 688.1802131137937 763.3996472520106 948.4162977618854],[560.5811157226562 845.51953125 655.4653930664062 888.3782958984375],0.6144136786460876,KH05ZZK,0.6721752811038972
398,1.0,[1048.1966983672685 767.266523506053 1407.1712116986726 1061.2380322306099],[1166.1453857421875 954.645263671875 1297.585693359375 996.374267578125],0.5371577143669128,AP05JEQ,0.26972501163089757
399,8.0,[464.12858092491274 688.1068137473976 763.393822727403 949.0313082635876],[560.5730590820312 845.5294189453125 655.444580078125 888.37060546875],0.6138866543769836,KH05ZZK,0.6721752811038972
399,1.0,[1048.2390355666512 767.6878959171411 1408.8877278131808 1061.8829174919385],[1166.72119140625 954.7049560546875 1297.5445556640625 996.38818359375],0.5390195846557617,AP05JEQ,0.26972501163089757
400,8.0,[462.7737355235874 690.7756638326276 761.8000821737921 951.783310461495],[559.6097412109375 848.0593872070312 652.0985107421875 893.1589965820312],0.6278015971183777,KH05ZZK,0.4784606479556517
400,1.0,[1048.720470967501 770.1740809755765 1411.6848586929325 1064.8607871049383],[1170.525146484375 956.9965209960938 1281.41845703125 997.9660034179688],0.48625218868255615,AP05JEO,0.500891424408976
401,1.0,[1048.3407107649866 771.0397311471236 1413.0598518121221 1066.1663556740696],[1170.51123046875 956.9686889648438 1281.349365234375 997.9865112304688],0.4858293831348419,AP05JEO,0.500891424408976
402,8.0,[460.76618165114206 695.6254896039371 760.6940372197139 957.0164156970005],[554.9912719726562 851.7398681640625 651.7965698242188 897.93994140625],0.6442574262619019,KH05ZZK,0.38046099493293645
402,1.0,[1048.2192615550562 773.3239826682627 1412.673023038758 1068.5736743332438],[1170.884765625 961.7958984375 1287.3475341796875 1003.1151123046875],0.5898492932319641,AP05JEO,0.3689801989532816
403,8.0,[459.9274400230066 697.2381082422285 760.6369689828024 958.7879696836981],[554.9630737304688 851.7477416992188 651.7896118164062 897.9265747070312],0.6461946368217468,KH05ZZK,0.38046099493293645
403,1.0,[1048.4712924791734 774.0945853421584 1412.6768590033817 1069.3680074446916],[1170.8951416015625 961.8030395507812 1286.5013427734375 1003.0753784179688],0.5890993475914001,AP05JEO,0.3689801989532816
404,8.0,[457.9634637165185 698.953458273296 759.5945981674664 960.2941573399238],[553.2020874023438 852.2597045898438 651.235107421875 900.0626831054688],0.6535496711730957,KH05ZIK,0.4122651593401242
404,1.0,[1050.224414111458 775.6229538298423 1414.655981865536 1070.6912142690119],[1170.849365234375 964.503662109375 1291.8802490234375 1005.413818359375],0.49473997950553894,AP05JED,0.3012844101377018
405,8.0,[457.17004495744663 699.6017195323125 759.4164405702688 960.7849379868708],[553.2031860351562 852.2821655273438 651.2133178710938 900.0305786132812],0.6536993980407715,KH05ZIK,0.4122651593401242
405,1.0,[1050.8849985985562 776.1745856968787 1415.557440790289 1071.088621115842],[1170.877197265625 964.5371704101562 1291.9000244140625 1005.3905639648438],0.49476101994514465,AP05JED,0.3012844101377018
406,1.0,[1050.5479976930224 778.9682551252552 1416.9152561319156 1072.8620511709203],[1180.25830078125 967.2731323242188 1303.3677978515625 1017.5132446289062],0.5812541246414185,AP05JEO,0.11165056490711034
407,1.0,[1050.1400843127499 780.1542012376256 1417.8997560313492 1073.2240231692056],[1181.8624267578125 967.4247436523438 1303.9432373046875 1017.3484497070312],0.5869687795639038,AP05JEQ,0.219174345262024
408,8.0,[454.1888972704984 704.9508771497337 758.7408136903922 966.700770407324],[552.2000122070312 862.2745971679688 648.9285278320312 905.5772094726562],0.5957997441291809,VN05ZZK,0.15771240272880052
409,1.0,[1050.367184387962 783.0599764430758 1420.5787350237579 1074.6339200456823],[1171.7923583984375 971.7659912109375 1301.5986328125 1019.092529296875],0.5386916995048523,AP05JEO,0.25218241653710505
410,8.0,[450.6190990646088 707.0249763199805 758.0610345471358 969.628291940904],[549.6875610351562 864.3934936523438 647.0152587890625 907.7794189453125],0.6428954601287842,KH05ZZK,0.4191458551777374
410,1.0,[1051.804707984379 785.1306031271376 1422.1318715113862 1075.5539428721208],[1176.52734375 979.6018676757812 1301.351318359375 1021.3301391601562],0.5278778672218323,AP05JEO,0.23491008518510803
411,8.0,[449.3852232742102 707.3101237156818 758.1125784817457 970.2245879797335],[549.668212890625 864.3616333007812 647.0325317382812 907.7913208007812],0.6420667171478271,KH05ZZK,0.4191458551777374
411,1.0,[1052.4941746458421 786.0537651803609 1422.5827068804629 1075.6695358631237],[1176.4749755859375 979.5780639648438 1301.3492431640625 1021.3466186523438],0.528241753578186,AP05JEO,0.23491008518510803
412,8.0,[445.4047163066598 708.3227485733264 757.2400137271002 971.1918287701358],[549.0712280273438 866.2203369140625 644.814697265625 910.0556030273438],0.6339951157569885,KN05ZZK,0.2770394625418534
412,1.0,[1052.1579654000097 789.690454494817 1423.3596461974475 1077.2070392655462],[1189.3809814453125 985.1870727539062 1313.59423828125 1028.708984375],0.5900928974151611,AP05JEO,0.29636514532148345
413,8.0,[443.3888655197107 708.6454237330905 757.4793635809651 971.4479275046],[549.081298828125 866.2208862304688 644.8179321289062 910.05029296875],0.6335693001747131,KN05ZZK,0.2770394625418534
413,1.0,[1051.9561017883052 791.3877291809845 1423.9575134654542 1077.4177488379703],[1189.2249755859375 985.1488647460938 1313.6466064453125 1028.8084716796875],0.594201385974884,AP05JEO,0.29636514532148345
414,8.0,[442.1011403056066 711.4560734427182 757.6225253079183 974.8103299282379],[545.6298217773438 871.5095825195312 643.5244140625 916.3495483398438],0.6274131536483765,KN05ZZK,0.22176275619971061
414,1.0,[1051.2608880732942 793.5281784924724 1425.2897127866604 1077.4584398526083],[1200.652587890625 989.0714721679688 1314.55859375 1030.430908203125],0.25539782643318176,AP05JED,0.33478172451647187
415,8.0,[441.0346632549481 712.0432766998568 757.2573509687832 976.122615257906],[545.7703857421875 871.4404907226562 642.9840087890625 916.3588256835938],0.6268066763877869,KH05ZZK,0.15101920966530794
415,1.0,[1050.6702566331985 794.6541892663614 1426.3254142966287 1077.083174619294],[1187.335693359375 987.5687255859375 1292.606689453125 1028.9912109375],0.5998574495315552,AP05JEO,0.8360445460184742
416,1.0,[1048.9862366716532 796.3583164653626 1426.2809682009795 1076.8515129349526],[1197.244384765625 993.2426147460938 1318.384033203125 1038.0869140625],0.30813267827033997,AP05JEO,0.20277015666853504
417,1.0,[1048.0630397115794 797.300991922758 1426.580413855136 1076.3864802052508],[1197.146484375 993.2257690429688 1318.3868408203125 1038.1162109375],0.3085791766643524,AP05JEO,0.20277015666853504
418,1.0,[1053.453189498526 798.8463007610724 1429.405475314297 1075.7958100270257],[1187.835205078125 996.1514892578125 1323.146484375 1045.595947265625],0.3958732485771179,AP05JED,0.28365383114521053
418,8.0,[438.5884614735403 714.4745265286225 755.3603512803668 982.0955070048877],[540.5484619140625 874.50732421875 641.7195434570312 922.9061279296875],0.6153639554977417,RH05ZZK,0.3459844142965665
419,1.0,[1055.6410519149651 799.7161006558107 1429.8359020313262 1075.012714019868],[1187.46728515625 996.2545166015625 1322.0809326171875 1045.551025390625],0.3680984675884247,AP05JED,0.28365383114521053
419,8.0,[439.43686884771455 715.2711826685904 755.4390879560156 983.4159028843562],[540.583984375 874.5646362304688 641.6887817382812 922.8605346679688],0.6161596775054932,RH05ZZK,0.3459844142965665
420,8.0,[438.7936785774607 719.5987947131398 754.8294389563628 989.4368748626821],[538.4977416992188 883.3516845703125 641.2122192382812 926.2117309570312],0.5718057155609131,RH05ZZK,0.2114390068943822
421,8.0,[438.50920636317846 721.1369195248693 754.4231569509354 992.4762085337944],[538.4924926757812 883.3597412109375 641.217041015625 926.2293090820312],0.5708962082862854,RH05ZZK,0.2114390068943822
422,1.0,[1054.1110215874726 804.3651900451259 1432.0118685908553 1074.1121753312557],[1194.2509765625 1003.1008911132812 1325.3533935546875 1049.4671630859375],0.6070289015769958,AP05JED,0.26312128392776796
422,8.0,[438.5107703032975 721.9788849709425 753.9969403188984 994.7085313732509],[534.968994140625 885.8490600585938 639.5026245117188 929.2373657226562],0.588991641998291,KH05ZZK,0.26316487608606626
423,1.0,[1053.4127472071664 805.1238917084645 1432.004175370787 1073.8334235319091],[1195.106689453125 1002.609375 1326.5760498046875 1049.444091796875],0.6140859127044678,AP05JEQ,0.27789514162208884
423,8.0,[438.51136890660246 722.0353741969063 753.6953082108218 995.8865547690289],[535.018798828125 885.873779296875 639.4973754882812 929.2078857421875],0.5912905931472778,KH05ZZK,0.2591759707065835
424,1.0,[1053.9273157929165 807.088510945986 1432.3874122863508 1075.2143280747814],[1191.262939453125 1005.365478515625 1321.2528076171875 1050.603271484375],0.5209066867828369,AP05JEO,0.2347725238146427
425,1.0,[1054.0818278169452 807.9212072106935 1432.4304708317293 1075.6203936337226],[1191.2462158203125 1005.3389282226562 1321.224365234375 1050.6263427734375],0.5220261812210083,AP05JEO,0.2347725238146427
426,8.0,[431.24412427099514 727.1439266159708 751.1433935380105 1001.5350007404658],[534.70703125 893.650634765625 635.4269409179688 938.4649658203125],0.6677680611610413,KH05ZZK,0.22208299464147832
426,1.0,[1056.8149634559295 811.2654313061224 1434.3326307518323 1076.5843331034378],[1190.3272705078125 1013.9271240234375 1330.7838134765625 1058.6363525390625],0.31631118059158325,AP05JEO,0.3012466013641937
427,8.0,[429.8316901090815 727.4438907590737 751.2739720500673 1002.37037637321],[534.0741577148438 893.4451904296875 635.5149536132812 938.6304931640625],0.6696678996086121,KH05ZZK,0.23116530547475614
427,1.0,[1057.799129919555 813.0298939995462 1434.6279599918635 1076.5403509268137],[1190.8023681640625 1008.61376953125 1305.2315673828125 1056.094482421875],0.5930879712104797,AP05JEO,0.2234252735431563
428,8.0,[427.93853055546697 728.9370770605335 752.1587606032056 1004.0819650521678],[527.6334228515625 892.4483642578125 636.2054443359375 941.1617431640625],0.6416272521018982,KH05ZZR,0.49491117416550884
428,1.0,[1057.7683793961721 815.1735986986254 1433.6762186696476 1077.0632066036258],[1190.7540283203125 1013.5440673828125 1324.6773681640625 1061.6727294921875],0.6327363848686218,AP05JEO,0.22055250588565056
429,8.0,[426.92058964077637 729.5250825446035 753.1124809921644 1004.7719915937953],[527.6157836914062 892.4456176757812 636.2013549804688 941.1718139648438],0.6405394673347473,KH05ZZR,0.49491117416550884
429,1.0,[1058.11878523247 816.2564327523417 1433.4184452251322 1077.014068907057],[1191.099853515625 1013.640625 1324.8929443359375 1061.7374267578125],0.6320891380310059,AP05JEO,0.3540404558220568
430,8.0,[425.7480754709182 732.6167725427895 751.5271517452734 1008.30131618919],[529.4660034179688 900.0199584960938 630.406005859375 947.8606567382812],0.6510407328605652,KH05ZZK,0.11333333026620954
430,1.0,[1055.9947358873535 818.4319916299331 1431.4329147195074 1077.7055032947064],[1195.06103515625 1017.4546508789062 1328.793212890625 1066.6776123046875],0.5161693692207336,AP05JEO,0.2537615817467679
431,8.0,[425.47356057645766 733.669991309284 750.8896672348435 1009.6734584158418],[529.4835205078125 899.9864501953125 630.404052734375 947.8538818359375],0.6510956287384033,KH05ZZK,0.19256711197106544
431,1.0,[1055.2947918015707 819.5267766161182 1430.8439033082404 1077.702338556098],[1195.099365234375 1017.5231323242188 1328.6748046875 1066.634521484375],0.5167131423950195,AP05JEO,0.2537615817467679
432,8.0,[422.43177571578826 735.8625915062564 748.8119429716189 1013.029092521773],[526.0028686523438 902.6464233398438 625.7830810546875 951.5967407226562],0.6311015486717224,KH05ZZK,0.35509223534134166
432,1.0,[1056.1368275736586 822.5982307428394 1432.092535088805 1077.6990683531524],[1190.5947265625 1026.6102294921875 1336.15869140625 1069.7978515625],0.6131848096847534,AP05JEO,0.3605646051455503
433,8.0,[421.16837486572433 736.4298383949057 748.2687629620797 1014.3891484490297],[525.9649658203125 902.6112670898438 625.802490234375 951.5965576171875],0.6314589977264404,KH05ZZK,0.500442213659363
433,1.0,[1056.58276234612 824.2782194022184 1432.6613165451163 1077.1271317198155],[1191.114501953125 1026.591064453125 1336.2362060546875 1069.9163818359375],0.6177625060081482,AP05JEO,0.40524405733304075
434,1.0,[1056.7493616084234 826.341382613595 1432.4983896851522 1076.8774486230311],[1188.061279296875 1027.2042236328125 1333.427490234375 1075.8687744140625],0.6694751977920532,AP05JEQ,0.4652769129268501
435,1.0,[1056.926754273325 827.5188815709007 1432.3894278256935 1076.3724319701982],[1188.1365966796875 1027.337158203125 1333.0382080078125 1076.0452880859375],0.6722479462623596,AP05JED,0.45708011411111743
436,8.0,[415.20157999547666 743.0630767495561 744.4158222235052 1022.189117724384],[526.2694702148438 911.4296264648438 625.4463500976562 957.1605834960938],0.635636031627655,KH05ZZK,0.23048820617452914
437,8.0,[414.08229542120057 744.3748745736252 744.2921244821373 1023.2303797414268],[526.2619018554688 911.423095703125 625.4481201171875 957.173828125],0.635881245136261,KH05ZZK,0.23048820617452914
444,8.0,[411.6058613816059 757.8629941669944 742.3699960970238 1036.354122031817],[513.57373046875 924.84033203125 619.6388549804688 973.576416015625],0.5986878275871277,KH05ZZK,0.20673972872570698
445,8.0,[410.9483277945218 759.1540966553276 741.4146972143761 1037.9155761852926],[513.5499877929688 924.8309326171875 619.6735229492188 973.6278076171875],0.5987206697463989,KH05ZZK,0.20673972872570698
446,8.0,[409.69093356027827 761.4143639422646 740.0790967806482 1041.225909525245],[514.13232421875 929.9483642578125 617.8736572265625 976.0735473632812],0.6235538125038147,KH05ZZK,0.22267426497879855
447,8.0,[409.20452161043 761.9143950170946 739.5923686085878 1042.3865285068796],[514.11865234375 929.8914184570312 617.9300537109375 976.159423828125],0.624266505241394,KH05ZZK,0.22267426497879855
468,8.0,[382.1201846416689 794.628124005374 722.2575103316785 1075.3940683275323],[489.5597839355469 973.36083984375 600.6121215820312 1023.79833984375],0.6560846567153931,RH05ZZK,0.2942654908724555
469,8.0,[380.57798125961267 795.7282625084599 722.9067156474243 1074.8565097768494],[490.3839111328125 973.462646484375 600.9863891601562 1023.7972412109375],0.6611002683639526,KH05ZZK,0.22939591801874432
472,8.0,[372.18965083381045 801.3361842712454 719.6972219539582 1075.4592231562735],[489.05694580078125 982.1654663085938 598.8466186523438 1030.82861328125],0.6896340847015381,KH05ZZK,0.06795398873277408
473,8.0,[373.1869614264648 802.8162162326854 719.5322453086388 1075.3797030303213],[489.06219482421875 982.1429443359375 598.8577270507812 1030.8497314453125],0.6896690130233765,KH05ZZK,0.06795398873277408
474,8.0,[373.56923042628296 805.888192990739 718.385582947026 1076.2215837098622],[485.49884033203125 985.2105102539062 596.4891357421875 1037.197998046875],0.7030715346336365,KH05ZZK,0.3836387379471937
480,8.0,[366.00007164730755 812.9320872911356 721.1153317531807 1074.6804930709932],[479.8409729003906 996.598388671875 595.0574340820312 1049.6697998046875],0.6802858114242554,KH05ZZK,0.3226356399906014
498,492.0,[1153.1268777025748 554.3580167163917 1433.2329315992806 779.9953414936564],[1265.47119140625 692.578125 1328.41845703125 732.1693725585938],0.35386815667152405,EY61RBC,0.1289063489099559
499,492.0,[1153.2832076013383 554.4919823311758 1433.4178633586448 782.5992313591674],[1265.47119140625 692.5780029296875 1328.4188232421875 732.169921875],0.35390806198120117,EY61RBC,0.1289063489099559
512,492.0,[1157.4747580933615 569.8514598626804 1438.3883191952189 817.9062215304324],[1270.8563232421875 696.0982055664062 1331.372314453125 743.3759765625],0.3685220181941986,ET61NEC,0.2065531836852836
530,492.0,[1164.8138345249029 584.32366788596 1452.0431715193533 830.2513582266265],[1276.38037109375 723.6881103515625 1343.7708740234375 774.4147338867188],0.30679741501808167,EY61MBG,0.25281141555792097
531,492.0,[1164.7493863784775 585.0274543459445 1452.2484917852162 831.1875631656278],[1277.2305908203125 723.407470703125 1343.707763671875 774.2196044921875],0.31301599740982056,EY61MBG,0.29249418328347426
538,15.0,[460.18457677246886 734.0840302902346 775.2883944730007 1018.3653370061296],[569.8359375 916.375 667.5206909179688 964.5291748046875],0.6109399795532227,CM14ZHY,0.17720152916547227
538,492.0,[1166.1616907256757 593.5329063267513 1456.1609830383336 846.6651179021108],[1282.5015869140625 715.8696899414062 1349.1688232421875 773.6932983398438],0.30390262603759766,EY61XBE,0.3979091983548895
539,15.0,[459.27173183262664 734.3566931918582 774.7128073581633 1018.4723895932924],[569.8583984375 916.405517578125 667.4945068359375 964.4747314453125],0.6124938130378723,CM14ZHY,0.17720152916547227
539,492.0,[1166.2538556747927 593.7483695711959 1456.894549434071 848.6638912030998],[1282.5184326171875 715.9037475585938 1349.1241455078125 773.66455078125],0.3070162534713745,EY61XBE,0.3979091983548895
540,15.0,[460.0397231464799 736.3648682149953 775.3480414139008 1021.2628777741472],[578.9808349609375 923.71728515625 668.70947265625 968.38330078125],0.40457987785339355,FJ14ZHY,0.3815949106794762
542,492.0,[1166.7060703063469 594.9589367376549 1453.935346906734 855.6309824509598],[1280.2720947265625 742.3648681640625 1356.784423828125 785.4545288085938],0.3426136076450348,EY61NBG,0.07554870347928
543,492.0,[1167.2163129392898 594.6056669834418 1453.7949011508886 855.4254639880862],[1280.298828125 742.4015502929688 1356.7677001953125 785.4434204101562],0.34305593371391296,EY61NBG,0.07554870347928
545,15.0,[461.85437739626906 741.4519308431869 777.5818590633062 1031.4546358320404],[562.9595336914062 934.7125854492188 660.639892578125 978.9505004882812],0.3592856526374817,FJ14ZHY,0.222845090440921
547,492.0,[1167.609059053869 600.835931592265 1458.5328043816446 863.9149104483521],[1285.0396728515625 737.8026123046875 1349.091064453125 781.2138061523438],0.2639368176460266,EY61NBC,0.2489026257334222
548,15.0,[455.5296437456643 748.090011291923 772.7477038283364 1039.2673654879],[562.34912109375 935.161376953125 660.8274536132812 984.1571044921875],0.6819437742233276,FJ14ZHY,0.20873058045869528
549,15.0,[454.8735249378076 748.5287919176981 772.7886260330272 1040.357979540137],[562.3650512695312 935.3134155273438 660.7532958984375 984.0678100585938],0.676720380783081,FJ14ZHY,0.20873058045869528
550,15.0,[451.44282912993475 751.0375148896628 772.2365572572296 1043.2770166504263],[555.8405151367188 935.7508544921875 657.2739868164062 985.3488159179688],0.6731807589530945,FJ14ZHY,0.28811242111521534
550,492.0,[1169.8382049452173 603.0173989550611 1467.3806217813433 866.7948486011275],[1285.68701171875 727.2568359375 1353.971435546875 795.485595703125],0.3349246680736542,EY61NBG,0.7658925403186664
551,15.0,[449.91388902327935 751.8584113042475 772.6966951190104 1044.33711350348],[555.8969116210938 935.8027954101562 657.2476196289062 985.3152465820312],0.6728159189224243,FJ14ZHY,0.28811242111521534
551,492.0,[1169.9790090050542 603.9013483711879 1469.0262492826332 868.1110392852304],[1285.6834716796875 727.2633056640625 1353.9766845703125 795.4481201171875],0.33295738697052,EY61NBG,0.7658925403186664
552,15.0,[449.6257157756582 757.1339006766229 772.4457872908879 1047.8999452865926],[550.6807250976562 940.5276489257812 657.5557250976562 990.8706665039062],0.6582517623901367,FJ14ZHY,0.7143505426650661
553,15.0,[449.58561368737037 759.3657233455771 772.3681567813019 1048.8639674374754],[550.6707153320312 940.453125 657.6199951171875 990.881103515625],0.6584320068359375,FJ14ZHY,0.7143505426650661
553,492.0,[1167.6233510544334 605.8028698943631 1463.0839186385847 869.2296009165236],[1284.59912109375 751.895751953125 1357.8079833984375 800.5106201171875],0.3236634135246277,EV61MBC,0.22392701576857438
554,492.0,[1168.2818501170357 606.4591798984841 1462.7764616884413 869.6272627783383],[1282.210693359375 752.978759765625 1361.8399658203125 799.9683837890625],0.4318832755088806,EY61NBG,0.5286300654841359
555,492.0,[1168.6968892911436 606.7984039100181 1462.5060766586034 869.8570568233265],[1282.2452392578125 752.995849609375 1361.79541015625 799.9402465820312],0.4293854534626007,EY61NBG,0.5286300654841359
556,492.0,[1170.180264421361 608.0832743954334 1465.5759470458645 870.3409084865236],[1282.08837890625 743.4395141601562 1360.3853759765625 801.6784057617188],0.42606163024902344,EY61NBG,0.13880149699588085
557,492.0,[1170.4257421209675 608.7399883699309 1467.049901885752 870.4823189601395],[1282.103515625 743.2511596679688 1360.410400390625 801.693115234375],0.42954131960868835,EY61NBG,0.13880149699588085
559,492.0,[1169.9950286723547 612.8208962978645 1467.3615051341453 872.9378342562761],[1283.151611328125 756.8915405273438 1363.2857666015625 803.9481811523438],0.5039228200912476,EY61NBG,0.4257779831130117
560,15.0,[438.77153789029046 770.709481808033 767.4527835465643 1062.137032799556],[550.8763427734375 955.9779052734375 651.7293701171875 1007.199462890625],0.6946273446083069,FJ14ZHY,0.301572468050062
560,492.0,[1170.5527104704306 614.3807649479844 1468.9182449363848 874.39291900314],[1282.895263671875 751.6917114257812 1362.692626953125 804.5051879882812],0.4391637444496155,EY61NAC,0.17546412327160554
561,15.0,[437.6054562407592 770.9680656259239 767.628758628997 1063.5322135905806],[550.8516235351562 955.911865234375 651.7645263671875 1007.263427734375],0.6939941048622131,FJ14ZHY,0.301572468050062
561,492.0,[1170.8133690096154 614.9698415286974 1470.1158998513627 874.8472004735087],[1282.9058837890625 751.7435302734375 1362.6710205078125 804.4925537109375],0.43492838740348816,EY61NAC,0.17546412327160554
562,15.0,[435.00180340573485 772.9265618495937 766.4376418578447 1066.43651891565],[547.0906982421875 960.7972412109375 648.346923828125 1010.480712890625],0.698645293712616,FJ14ZHY,0.5919493116508084
563,15.0,[433.7708799676932 773.6089307924577 766.3392865143614 1067.902357049078],[547.1695556640625 960.6529541015625 648.8846435546875 1010.5576171875],0.6959969997406006,FJ14ZHY,0.9109663436225688
564,15.0,[431.67999870134736 775.807829950393 765.8399378232341 1071.3581483502335],[547.5026245117188 964.1453857421875 649.0021362304688 1015.218994140625],0.6908953189849854,FJ14ZHV,0.25363951908368715
565,15.0,[430.51553283738343 776.3067730924948 765.8917191604946 1072.8678771789396],[547.2900390625 964.2911376953125 648.783935546875 1015.3394775390625],0.6886650323867798,FJ14ZHY,0.5704994450226842
566,15.0,[430.42312622787875 778.1700943870694 765.9883691187522 1074.6081898034745],[544.6971435546875 966.7862548828125 645.7876586914062 1019.43603515625],0.6807096004486084,FJ14ZHY,0.3272319419183156
566,492.0,[1170.0965193536554 618.485943298582 1471.5612939867115 882.507458078233],[1281.7855224609375 766.661865234375 1362.0157470703125 811.4337158203125],0.43314874172210693,EY61MBG,0.8303994303122711
567,15.0,[430.33726759104735 778.8495278923548 765.9955695561655 1075.1481125265232],[544.7169189453125 966.7734375 645.7005615234375 1019.4041748046875],0.6805905699729919,FJ14ZHY,0.3272319419183156
567,492.0,[1170.1571226946028 618.565958507773 1471.714988721402 882.8648194278511],[1281.7933349609375 766.6627807617188 1362.0377197265625 811.4342651367188],0.43089422583580017,EY61MBG,0.8303994303122711
570,15.0,[425.90865504542876 783.0246096447908 765.1812157497914 1076.709908019693],[538.5264282226562 978.3286743164062 646.9063720703125 1029.3253173828125],0.6976118087768555,FJ14ZHY,0.33571778589711726
571,15.0,[424.79875826656837 783.9479520687232 765.4538520438392 1076.3068634457618],[538.5300903320312 978.3270874023438 646.876708984375 1029.2913818359375],0.6972668170928955,FJ14ZHY,0.33571778589711726
572,15.0,[423.1852800822415 786.1757311112326 763.7002019745901 1076.5540348726342],[539.9773559570312 980.9873657226562 643.2107543945312 1031.78515625],0.6991294622421265,FJ14ZHY,0.479188997143876
572,492.0,[1172.0840265533336 623.089225129488 1482.6963212063981 891.3711227420025],[1288.048095703125 779.1299438476562 1368.259033203125 823.708984375],0.5235469937324524,EY61NEG,0.2556219399051741
573,15.0,[422.7662971502387 787.3193488520429 763.1617789343936 1076.358787446029],[539.9639282226562 980.9848022460938 643.2396850585938 1031.80712890625],0.6996665000915527,FJ14ZHY,0.479188997143876
574,15.0,[422.97920331266886 788.7979026514397 763.1097476043915 1075.8299154727831],[538.0748291015625 985.2755126953125 640.3282470703125 1035.8521728515625],0.7141904830932617,FJ14ZHY,0.34657127774561053
574,492.0,[1172.0496210868887 624.6461778466266 1484.3029883815084 894.4749065774063],[1287.3465576171875 766.1973876953125 1369.8985595703125 825.0326538085938],0.5652490258216858,EY61NBG,0.12505778714407623
575,15.0,[423.2203855723029 789.6291263702263 763.0111175507478 1075.212628566056],[538.0706787109375 985.2844848632812 640.3356323242188 1035.850830078125],0.7144423723220825,FJ14ZHY,0.34657127774561053
575,492.0,[1172.186877711356 624.9351201358644 1485.1274785565743 895.3155645026133],[1287.3406982421875 766.198974609375 1369.92529296875 825.0494384765625],0.5663760304450989,EY61NBG,0.12505778714407623
576,15.0,[421.7312468678823 792.5261634191583 762.4442872384863 1075.6224644613512],[533.46337890625 990.7320556640625 643.3267822265625 1042.9691162109375],0.7108654975891113,FJ14ZHY,0.39802410928037346
576,492.0,[1171.9518299432762 626.8423420861554 1483.831107011847 897.5183995201908],[1289.13427734375 780.1378784179688 1372.0177001953125 827.7683715820312],0.3476679027080536,EV61NBG,0.25016480826519816
577,15.0,[420.8451004945745 793.9793953689336 762.2922579919036 1075.2626919647641],[533.3621826171875 990.6800537109375 643.233154296875 1043.0615234375],0.7101588249206543,FJ14ZHY,0.39802410928037346
582,15.0,[419.1954594106727 803.7528497187112 758.7529125040243 1073.1288768579388],[528.6119995117188 1004.828857421875 633.2700805664062 1054.774169921875],0.7226567268371582,FJ14ZHY,0.31958506705754597
583,15.0,[417.25944748101426 805.4019870441513 758.1611965589617 1072.1367620469423],[528.6123046875 1004.838134765625 633.2919921875 1054.824951171875],0.7218124270439148,FJ14ZHY,0.35326326673471875
586,15.0,[412.3083567360119 810.4440588374346 756.765657236191 1073.5974207524268],[526.4881591796875 1010.0022583007812 633.7311401367188 1061.053466796875],0.7245404124259949,FJ16ZHY,0.287356290394454
586,492.0,[1173.0620292684896 637.9253524354488 1484.590233860378 910.64185894055],[1295.607666015625 791.0443725585938 1376.38916015625 839.9884643554688],0.6074408888816833,EY61NBG,0.47030540721738656
587,15.0,[411.7775565263988 811.4777178392941 757.020268982306 1074.115284890289],[526.4703369140625 1009.9755249023438 633.7293701171875 1061.0732421875],0.724519670009613,FJ14ZHY,0.29289662963571084
587,492.0,[1173.2466607441374 638.1054637388477 1484.6444939856942 911.4040059430884],[1295.7044677734375 791.21923828125 1376.419189453125 839.96484375],0.6082351207733154,EY61NBG,0.47030540721738656
588,15.0,[407.69949135784555 815.1132329822726 755.3053406351553 1076.9598611358147],[523.6298828125 1015.8165893554688 632.871337890625 1068.1824951171875],0.6990942358970642,FJ11ZHY,0.3862865081912364
589,15.0,[405.77811417194886 816.5816840767271 755.2038416802811 1077.8659716290013],[523.5663452148438 1015.8634643554688 632.7369384765625 1068.15576171875],0.6993159651756287,FJ11ZMY,0.32402475829568933
590,15.0,[406.85749513393347 818.5240315199275 755.7723001790384 1079.0316950842534],[523.8602294921875 1019.39208984375 630.10205078125 1068.0677490234375],0.694273054599762,FJ14ZHY,0.24979894290612004
591,15.0,[407.08917980394114 819.3469779814558 755.8076104920481 1079.2928145100805],[523.8557739257812 1019.3926391601562 630.1102294921875 1068.0751953125],0.6948432326316833,FJ14ZHY,0.24979894290612004
592,15.0,[406.7233991026387 821.7331807293273 755.3153791736386 1080.6370800109735],[521.477783203125 1025.2247314453125 631.4547729492188 1076.2386474609375],0.7207465767860413,FJ16ZHY,0.22074620408571594
593,15.0,[406.5988234348296 822.8165970831972 755.0359149162391 1080.9439403577544],[521.4428100585938 1025.195556640625 631.3612060546875 1076.2427978515625],0.7191334366798401,FJ16ZHY,0.22074620408571594
595,492.0,[1176.6449116357749 648.1951491668707 1492.1766920028244 925.0662432503258],[1295.535400390625 810.9966430664062 1381.9989013671875 851.6246337890625],0.5043804049491882,EY61NBG,0.7371535430872611
596,492.0,[1176.834426996286 650.0360928540775 1491.4939212481324 926.4330914748858],[1295.586181640625 812.8280639648438 1379.8974609375 855.4165649414062],0.5153549313545227,EV61NPG,0.10412895825163938
597,492.0,[1177.3410342726033 650.9107636705553 1491.6709833442333 926.9419408906028],[1295.5587158203125 812.6513671875 1379.955078125 855.4625244140625],0.5147460103034973,EV61NPG,0.10412895825163938
598,15.0,[400.2986207282822 831.3420686390889 752.7671460712711 1080.0114464004073],[516.2554931640625 1039.8187255859375 621.0602416992188 1080.0],0.6774563193321228,FJ11ZKY,0.13940637497845143
598,492.0,[1178.6419223368734 653.5339932265776 1492.8935949030983 929.0481365771475],[1294.5982666015625 817.078857421875 1385.2069091796875 858.76025390625],0.618993878364563,EY51NBG,0.5194454761949183
599,492.0,[1179.2046909764456 654.5782731851984 1493.4172129625179 929.7434317207726],[1294.6446533203125 817.1193237304688 1385.190185546875 858.7241821289062],0.6186829209327698,EY51NBG,0.5194454761949183
600,492.0,[1179.560665004021 657.1174156329198 1493.6583357511488 933.2666332947417],[1299.5726318359375 807.7142944335938 1386.3013916015625 862.8114624023438],0.5632930397987366,EY61NBG,0.1738039639291623
601,492.0,[1179.7011101875396 657.9590066316762 1493.6038241622896 935.0301004514922],[1299.9222412109375 807.3599853515625 1386.3033447265625 862.7019653320312],0.5598925352096558,EY61NBG,0.1738039639291623
602,492.0,[1180.0157489661706 659.5647155213233 1493.7957751946933 937.7658037845738],[1299.9434814453125 812.85498046875 1386.1993408203125 865.4703369140625],0.5799664258956909,EY61NBG,0.35624438279368786
603,492.0,[1180.150366930747 659.7952739247006 1493.530033214857 938.5818312181822],[1300.131591796875 812.7429809570312 1386.078369140625 865.328125],0.5763145089149475,EY61NBG,0.45152009594064807
